alias,brand,model
wave110,Honda,Wave110i
wave110i,Honda,Wave110i
wave125,Honda,Wave125i
wave125i,Honda,Wave125i
clck125,Honda,Click125i
click125i,Honda,Click125i
pcx160,Honda,PCX160
forza350,Honda,Forza350
adv160,Honda,ADV160
adv350,Honda,ADV350
msx125,Honda,MSX125
cb150r,Honda,CB150R
cb300r,Honda,CB300R
crf250l,Honda,CRF250L
crf300l,Honda,CRF300L
nmax155,Yamaha,Nmax155
aerox155,Yamaha,Aerox155
xmax300,Yamaha,Xmax300
mt15,Yamaha,MT15
xsr155,Yamaha,XSR155
r15,Yamaha,R15
finn,Yamaha,Finn
fnn,Yamaha,Finn
grandfilano,Yamaha,GrandFilano
grandflano,Yamaha,GrandFilano
exciter155,Yamaha,Exciter155
excter155,Yamaha,Exciter155
nnja250,Kawasaki,Ninja250
ninja250,Kawasaki,Ninja250
ninja400,Kawasaki,Ninja400
nnja400,Kawasaki,Ninja400
z250,Kawasaki,Z250
z400,Kawasaki,Z400
klx230,Kawasaki,KLX230
versys650,Kawasaki,Versys650
smash115,Suzuki,Smash115
burgman400,Suzuki,Burgman400
raider150,Suzuki,Raider150
rader150,Suzuki,Raider150
gsxr150,Suzuki,GSXR150
demongr200r,GPX,DemonGR200R
legend250twn,GPX,Legend250Twin
legend250twin,GPX,Legend250Twin
drone150,GPX,Drone150
classic350,RoyalEnfield,Classic350
classc350,RoyalEnfield,Classic350
meteor350,RoyalEnfield,Meteor350
hmalayan400,RoyalEnfield,Himalayan400
himalayan400,RoyalEnfield,Himalayan400
rader1506,Suzuki,Raider150
nnja4004,Kawasaki,Ninja400
ninja4006,Kawasaki,Ninja400
clck1253,Honda,Click125i
drone1501,GPX,Drone150
fnn6,Yamaha,Finn
clck12531,Honda,Click125i
excter1554,Yamaha,Exciter155
legend250twin1,GPX,Legend250Twin
ninja4006,Kawasaki,Ninja400
click125i2,Honda,Click125i
nnja4006,Kawasaki,Ninja400
aerox1556,Yamaha,Aerox155
excter15546,Yamaha,Exciter155
finn3,Yamaha,Finn
nnja40045,Kawasaki,Ninja400
nnja4008,Kawasaki,Ninja400
wave110i7,Honda,Wave110i
grandfilano8,Yamaha,GrandFilano
nnja4002,Kawasaki,Ninja400
nnja40023,Kawasaki,Ninja400
cb300r7,Honda,CB300R
nnja40084,Kawasaki,Ninja400
ninja40066,Kawasaki,Ninja400
finn36,Yamaha,Finn
clck1259,Honda,Click125i
click125i22,Honda,Click125i
wave1259,Honda,Wave125i
excter1556,Yamaha,Exciter155
clck12539,Honda,Click125i
smash1159,Suzuki,Smash115
rader1509,Suzuki,Raider150
legend250twin5,GPX,Legend250Twin
ninja4009,Kawasaki,Ninja400
excter15544,Yamaha,Exciter155
nnja2507,Kawasaki,Ninja250
nnja4001,Kawasaki,Ninja400
nnja40065,Kawasaki,Ninja400
exciter1552,Yamaha,Exciter155
cb150r6,Honda,CB150R
crf250l7,Honda,CRF250L
crf300l7,Honda,CRF300L
drone1505,GPX,Drone150
excter15562,Yamaha,Exciter155
nnja40014,Kawasaki,Ninja400
nnja40068,Kawasaki,Ninja400
rader15068,Suzuki,Raider150
clck1255,Honda,Click125i
smash1151,Suzuki,Smash115
clck125317,Honda,Click125i
nnja400654,Kawasaki,Ninja400
r159,Yamaha,R15
wave110i78,Honda,Wave110i
excter15547,Yamaha,Exciter155
wave125i5,Honda,Wave125i
nnja4004,Kawasaki,Ninja400
exciter15521,Yamaha,Exciter155
cb150r67,Honda,CB150R
z2508,Kawasaki,Z250
ninja2508,Kawasaki,Ninja250
mt158,Yamaha,MT15
ninja4005,Kawasaki,Ninja400
aerox15564,Yamaha,Aerox155
z4007,Kawasaki,Z400
aerox1554,Yamaha,Aerox155
cb150r68,Honda,CB150R
nnja400238,Kawasaki,Ninja400
legend250twin17,GPX,Legend250Twin
nnja40043,Kawasaki,Ninja400
cb150r68,Honda,CB150R
cb300r1,Honda,CB300R
wave12598,Honda,Wave125i
fnn67,Yamaha,Finn
z40079,Kawasaki,Z400
himalayan4003,RoyalEnfield,Himalayan400
crf300l75,Honda,CRF300L
legend250twin52,GPX,Legend250Twin
excter15567,Yamaha,Exciter155
z25085,Kawasaki,Z250
adv1609,Honda,ADV160
excter155468,Yamaha,Exciter155
adv3506,Honda,ADV350
cb300r7,Honda,CB300R
nnja400455,Kawasaki,Ninja400
aerox1554,Yamaha,Aerox155
grandfilano4,Yamaha,GrandFilano
exciter1554,Yamaha,Exciter155
raider1502,Suzuki,Raider150
wave1254,Honda,Wave125i
excter15548,Yamaha,Exciter155
aerox15544,Yamaha,Aerox155
excter1554684,Yamaha,Exciter155
aerox15568,Yamaha,Aerox155
wave110i781,Honda,Wave110i
excter155467,Yamaha,Exciter155
raider1505,Suzuki,Raider150
nnja4008,Kawasaki,Ninja400
wave110i1,Honda,Wave110i
legend250twin53,GPX,Legend250Twin
cb150r69,Honda,CB150R
ninja2504,Kawasaki,Ninja250
excter155628,Yamaha,Exciter155
nnja400843,Kawasaki,Ninja400
raider15026,Suzuki,Raider150
nnja4002389,Kawasaki,Ninja400
aerox15541,Yamaha,Aerox155
legend250twin526,GPX,Legend250Twin
wave12598,Honda,Wave125i
click125i2,Honda,Click125i
nnja40086,Kawasaki,Ninja400
drone15015,GPX,Drone150
nnja400658,Kawasaki,Ninja400
cb300r6,Honda,CB300R
grandfilano48,Yamaha,GrandFilano
finn37,Yamaha,Finn
wave1104,Honda,Wave110i
pcx1603,Honda,PCX160
wave125i57,Honda,Wave125i
z400793,Kawasaki,Z400
excter1556,Yamaha,Exciter155
meteor3509,RoyalEnfield,Meteor350
grandfilano7,Yamaha,GrandFilano
classic3508,RoyalEnfield,Classic350
cb300r79,Honda,CB300R
grandfilano481,Yamaha,GrandFilano
legend250twin59,GPX,Legend250Twin
raider1503,Suzuki,Raider150
cb300r76,Honda,CB300R
fnn64,Yamaha,Finn
wave125984,Honda,Wave125i
raider1505,Suzuki,Raider150
legend250twin593,GPX,Legend250Twin
excter155622,Yamaha,Exciter155
cb300r763,Honda,CB300R
aerox155641,Yamaha,Aerox155
wave11044,Honda,Wave110i
legend250twn3,GPX,Legend250Twin
nnja400451,Kawasaki,Ninja400
wave125i573,Honda,Wave125i
legend250twin52,GPX,Legend250Twin
cb150r681,Honda,CB150R
exciter15546,Yamaha,Exciter155
wave125985,Honda,Wave125i
nnja40089,Kawasaki,Ninja400
clck125393,Honda,Click125i
raider1507,Suzuki,Raider150
nnja4002388,Kawasaki,Ninja400
pcx16039,Honda,PCX160
aerox15548,Yamaha,Aerox155
clck12538,Honda,Click125i
aerox155416,Yamaha,Aerox155
fnn4,Yamaha,Finn
clck12598,Honda,Click125i
ninja4005,Kawasaki,Ninja400
nnja40084,Kawasaki,Ninja400
excter15543,Yamaha,Exciter155
legend250twin524,GPX,Legend250Twin
cb300r7635,Honda,CB300R
grandfilano85,Yamaha,GrandFilano
clck125982,Honda,Click125i
grandfilano3,Yamaha,GrandFilano
fnn69,Yamaha,Finn
rader15094,Suzuki,Raider150
finn364,Yamaha,Finn
cb150r69,Honda,CB150R
nnja400681,Kawasaki,Ninja400
legend250twin529,GPX,Legend250Twin
smash1153,Suzuki,Smash115
raider150267,Suzuki,Raider150
z4007935,Kawasaki,Z400
smash11516,Suzuki,Smash115
grandfilano4816,Yamaha,GrandFilano
ninja40051,Kawasaki,Ninja400
adv35067,Honda,ADV350
msx1254,Honda,MSX125
himalayan40039,RoyalEnfield,Himalayan400
pcx16033,Honda,PCX160
click125i23,Honda,Click125i
cb300r71,Honda,CB300R
finn3,Yamaha,Finn
rader150942,Suzuki,Raider150
exciter155211,Yamaha,Exciter155
click125i232,Honda,Click125i
ninja25043,Kawasaki,Ninja250
nnja4004557,Kawasaki,Ninja400
smash11518,Suzuki,Smash115
smash11537,Suzuki,Smash115
nnja4004519,Kawasaki,Ninja400
raider15026,Suzuki,Raider150
ninja250436,Kawasaki,Ninja250
nnja40045572,Kawasaki,Ninja400
wave1109,Honda,Wave110i
aerox1556413,Yamaha,Aerox155
excter155626,Yamaha,Exciter155
pcx160339,Honda,PCX160
excter1554678,Yamaha,Exciter155
nnja400659,Kawasaki,Ninja400
nnja400655,Kawasaki,Ninja400
wave125983,Honda,Wave125i
pcx160333,Honda,PCX160
legend250twin59,GPX,Legend250Twin
wave11047,Honda,Wave110i
nnja40084,Kawasaki,Ninja400
nnja400862,Kawasaki,Ninja400
clck125392,Honda,Click125i
legend250twin598,GPX,Legend250Twin
forza3505,Honda,Forza350
nnja40083,Kawasaki,Ninja400
legend250twin521,GPX,Legend250Twin
rader150949,Suzuki,Raider150
legend250twn7,GPX,Legend250Twin
legend250twin592,GPX,Legend250Twin
nnja400651,Kawasaki,Ninja400
wave110i787,Honda,Wave110i
smash115373,Suzuki,Smash115
msx1252,Honda,MSX125
nnja4006595,Kawasaki,Ninja400
clck125394,Honda,Click125i
smash115379,Suzuki,Smash115
aerox15564131,Yamaha,Aerox155
excter15563,Yamaha,Exciter155
wave1259857,Honda,Wave125i
fnn641,Yamaha,Finn
msx1252,Honda,MSX125
excter155484,Yamaha,Exciter155
drone15053,GPX,Drone150
smash11593,Suzuki,Smash115
fnn676,Yamaha,Finn
adv1603,Honda,ADV160
fnn698,Yamaha,Finn
aerox155641,Yamaha,Aerox155
drone15016,GPX,Drone150
exciter15527,Yamaha,Exciter155
finn9,Yamaha,Finn
nnja40045195,Kawasaki,Ninja400
classc3502,RoyalEnfield,Classic350
raider1502679,Suzuki,Raider150
wave125981,Honda,Wave125i
cb300r768,Honda,CB300R
raider150266,Suzuki,Raider150
aerox155642,Yamaha,Aerox155
legend250twin9,GPX,Legend250Twin
clck1253,Honda,Click125i
smash1153732,Suzuki,Smash115
exciter1556,Yamaha,Exciter155
aerox15564131,Yamaha,Aerox155
smash115374,Suzuki,Smash115
nmax1553,Yamaha,Nmax155
legend250twin524,GPX,Legend250Twin
legend250twin5923,GPX,Legend250Twin
demongr200r7,GPX,DemonGR200R
excter15565,Yamaha,Exciter155
legend250twn77,GPX,Legend250Twin
fnn679,Yamaha,Finn
raider15026,Suzuki,Raider150
excter1559,Yamaha,Exciter155
legend250twin5265,GPX,Legend250Twin
rader150946,Suzuki,Raider150
excter155678,Yamaha,Exciter155
wave1259854,Honda,Wave125i
aerox1556416,Yamaha,Aerox155
excter155652,Yamaha,Exciter155
exciter15565,Yamaha,Exciter155
nnja4006541,Kawasaki,Ninja400
excter155658,Yamaha,Exciter155
clck125399,Honda,Click125i
cb150r693,Honda,CB150R
smash1153794,Suzuki,Smash115
clck1252,Honda,Click125i
nnja400656,Kawasaki,Ninja400
pcx1608,Honda,PCX160
raider150262,Suzuki,Raider150
cb300r74,Honda,CB300R
smash115378,Suzuki,Smash115
nnja40065956,Kawasaki,Ninja400
z4007936,Kawasaki,Z400
pcx16084,Honda,PCX160
aerox155413,Yamaha,Aerox155
z4008,Kawasaki,Z400
raider1506,Suzuki,Raider150
legend250twin171,GPX,Legend250Twin
smash115187,Suzuki,Smash115
wave12596,Honda,Wave125i
classc3504,RoyalEnfield,Classic350
nnja4002389,Kawasaki,Ninja400
legend250twn71,GPX,Legend250Twin
rader15096,Suzuki,Raider150
legend250twin5932,GPX,Legend250Twin
nnja40089,Kawasaki,Ninja400
click125i2324,Honda,Click125i
smash11594,Suzuki,Smash115
nnja400239,Kawasaki,Ninja400
smash11518,Suzuki,Smash115
click125i2,Honda,Click125i
cb150r689,Honda,CB150R
pcx160396,Honda,PCX160
z25083,Kawasaki,Z250
excter155674,Yamaha,Exciter155
r1592,Yamaha,R15
grandfilano48163,Yamaha,GrandFilano
adv16032,Honda,ADV160
wave12549,Honda,Wave125i
ninja400512,Kawasaki,Ninja400
clck125392,Honda,Click125i
excter1556789,Yamaha,Exciter155
excter155461,Yamaha,Exciter155
nnja40065959,Kawasaki,Ninja400
smash1153733,Suzuki,Smash115
legend250twin52652,GPX,Legend250Twin
rader150687,Suzuki,Raider150
nnja4004,Kawasaki,Ninja400
nnja4008435,Kawasaki,Ninja400
msx12522,Honda,MSX125
cb300r747,Honda,CB300R
click125i23245,Honda,Click125i
smash1151876,Suzuki,Smash115
himalayan4005,RoyalEnfield,Himalayan400
exciter15568,Yamaha,Exciter155
fnn69,Yamaha,Finn
legend250twin5212,GPX,Legend250Twin
ninja25083,Kawasaki,Ninja250
cb150r675,Honda,CB150R
wave1259843,Honda,Wave125i
wave110i1,Honda,Wave110i
smash115166,Suzuki,Smash115
smash115931,Suzuki,Smash115
cb300r76353,Honda,CB300R
clck1253999,Honda,Click125i
nnja400455723,Kawasaki,Ninja400
exciter15564,Yamaha,Exciter155
nnja400681,Kawasaki,Ninja400
adv16091,Honda,ADV160
wave110i7812,Honda,Wave110i
smash1153732,Suzuki,Smash115
excter1554678,Yamaha,Exciter155
aerox1554131,Yamaha,Aerox155
grandflano9,Yamaha,GrandFilano
legend250twin598,GPX,Legend250Twin
cb150r684,Honda,CB150R
smash11537329,Suzuki,Smash115
pcx16037,Honda,PCX160
z4007936,Kawasaki,Z400
wave110i11,Honda,Wave110i
excter1554844,Yamaha,Exciter155
excter15562,Yamaha,Exciter155
ninja4005124,Kawasaki,Ninja400
nnja4004557237,Kawasaki,Ninja400
nnja40084352,Kawasaki,Ninja400
wave125i573,Honda,Wave125i
nnja400143,Kawasaki,Ninja400
rader15066,Suzuki,Raider150
cb150r683,Honda,CB150R
finn98,Yamaha,Finn
pcx1609,Honda,PCX160
msx12528,Honda,MSX125
nnja400847,Kawasaki,Ninja400
smash1153794,Suzuki,Smash115
cb300r69,Honda,CB300R
xsr1551,Yamaha,XSR155
adv160321,Honda,ADV160
rader1509426,Suzuki,Raider150
rader1506876,Suzuki,Raider150
legend250twn2,GPX,Legend250Twin
smash11531,Suzuki,Smash115
drone15051,GPX,Drone150
cb300r12,Honda,CB300R
nnja4006,Kawasaki,Ninja400
excter155628,Yamaha,Exciter155
click125i28,Honda,Click125i
mt1588,Yamaha,MT15
xsr1559,Yamaha,XSR155
clck125391,Honda,Click125i
z250839,Kawasaki,Z250
nnja4004512,Kawasaki,Ninja400
himalayan40054,RoyalEnfield,Himalayan400
excter15546846,Yamaha,Exciter155
rader15098,Suzuki,Raider150
aerox1554,Yamaha,Aerox155
excter1554673,Yamaha,Exciter155
nnja400834,Kawasaki,Ninja400
nnja40045192,Kawasaki,Ninja400
ninja400519,Kawasaki,Ninja400
smash115373292,Suzuki,Smash115
demongr200r9,GPX,DemonGR200R
exciter155211,Yamaha,Exciter155
msx12526,Honda,MSX125
smash11518763,Suzuki,Smash115
himalayan4002,RoyalEnfield,Himalayan400
rader1509491,Suzuki,Raider150
nnja40023882,Kawasaki,Ninja400
cb300r718,Honda,CB300R
nnja40045572374,Kawasaki,Ninja400
himalayan4006,RoyalEnfield,Himalayan400
excter155485,Yamaha,Exciter155
smash115187,Suzuki,Smash115
finn378,Yamaha,Finn
nnja40045,Kawasaki,Ninja400
wave11092,Honda,Wave110i
grandfilano481631,Yamaha,GrandFilano
exciter155277,Yamaha,Exciter155
wave125981,Honda,Wave125i
z250855,Kawasaki,Z250
wave110i7876,Honda,Wave110i
excter155633,Yamaha,Exciter155
pcx160849,Honda,PCX160
z40082,Kawasaki,Z400
smash115182,Suzuki,Smash115
smash115373291,Suzuki,Smash115
adv35068,Honda,ADV350
nnja400238826,Kawasaki,Ninja400
cb150r5,Honda,CB150R
z25082,Kawasaki,Z250
exciter15527,Yamaha,Exciter155
grandfilano36,Yamaha,GrandFilano
nnja400843521,Kawasaki,Ninja400
demongr200r78,GPX,DemonGR200R
nnja4008435215,Kawasaki,Ninja400
aerox15567,Yamaha,Aerox155
excter1554855,Yamaha,Exciter155
legend250twin5267,GPX,Legend250Twin
clck12533,Honda,Click125i
z25086,Kawasaki,Z250
ninja2505,Kawasaki,Ninja250
nnja40084357,Kawasaki,Ninja400
z25088,Kawasaki,Z250
wave110i74,Honda,Wave110i
cb300r797,Honda,CB300R
nnja400238828,Kawasaki,Ninja400
aerox15545,Yamaha,Aerox155
mt152,Yamaha,MT15
nnja4006543,Kawasaki,Ninja400
wave11091,Honda,Wave110i
cb150r6896,Honda,CB150R
ninja40052,Kawasaki,Ninja400
cb300r7977,Honda,CB300R
nnja4002388286,Kawasaki,Ninja400
legend250twin14,GPX,Legend250Twin
z40071,Kawasaki,Z400
z2508,Kawasaki,Z250
nnja400455723747,Kawasaki,Ninja400
z2508394,Kawasaki,Z250
aerox155681,Yamaha,Aerox155
adv160325,Honda,ADV160
nnja400844,Kawasaki,Ninja400
cb150r3,Honda,CB150R
nnja400451952,Kawasaki,Ninja400
nnja400656,Kawasaki,Ninja400
nnja40065417,Kawasaki,Ninja400
xsr1555,Yamaha,XSR155
ninja4005192,Kawasaki,Ninja400
excter15569,Yamaha,Exciter155
xmax3005,Yamaha,Xmax300
nnja40065432,Kawasaki,Ninja400
nnja4008474,Kawasaki,Ninja400
nnja400455723746,Kawasaki,Ninja400
excter155482,Yamaha,Exciter155
drone15059,GPX,Drone150
aerox1556424,Yamaha,Aerox155
raider15037,Suzuki,Raider150
smash1153743,Suzuki,Smash115
z2509,Kawasaki,Z250
nnja400836,Kawasaki,Ninja400
r156,Yamaha,R15
cb150r31,Honda,CB150R
z40088,Kawasaki,Z400
grandfilano81,Yamaha,GrandFilano
z400824,Kawasaki,Z400
wave110i78125,Honda,Wave110i
cb150r6842,Honda,CB150R
nnja4006556,Kawasaki,Ninja400
adv1602,Honda,ADV160
drone150169,GPX,Drone150
rader15094915,Suzuki,Raider150
legend250twn72,GPX,Legend250Twin
nnja4008626,Kawasaki,Ninja400
pcx1603335,Honda,PCX160
legend250twin532,GPX,Legend250Twin
adv1603259,Honda,ADV160
wave125i5732,Honda,Wave125i
legend250twn39,GPX,Legend250Twin
cb300r718,Honda,CB300R
rader150963,Suzuki,Raider150
z400799,Kawasaki,Z400
aerox155641316,Yamaha,Aerox155
nnja4008625,Kawasaki,Ninja400
raider1502629,Suzuki,Raider150
nnja40067,Kawasaki,Ninja400
ninja40069,Kawasaki,Ninja400
legend250twn712,GPX,Legend250Twin
finn8,Yamaha,Finn
smash1153784,Suzuki,Smash115
clck12531,Honda,Click125i
aerox155641314,Yamaha,Aerox155
himalayan40033,RoyalEnfield,Himalayan400
smash1153,Suzuki,Smash115
rader15068765,Suzuki,Raider150
ninja2504363,Kawasaki,Ninja250
grandfilano481634,Yamaha,GrandFilano
rader150983,Suzuki,Raider150
pcx16033354,Honda,PCX160
finn3648,Yamaha,Finn
smash11531,Suzuki,Smash115
pcx160378,Honda,PCX160
nnja4004557,Kawasaki,Ninja400
pcx1608496,Honda,PCX160
legend250twin59324,GPX,Legend250Twin
z2506,Kawasaki,Z250
rader15094261,Suzuki,Raider150
excter1556787,Yamaha,Exciter155
forza35054,Honda,Forza350
legend250twin1715,GPX,Legend250Twin
legend250twin5244,GPX,Legend250Twin
rader15094913,Suzuki,Raider150
demongr200r788,GPX,DemonGR200R
cb300r744,Honda,CB300R
nmax15535,Yamaha,Nmax155
z40079363,Kawasaki,Z400
ninja40063,Kawasaki,Ninja400
rader150687657,Suzuki,Raider150
smash115315,Suzuki,Smash115
demongr200r97,GPX,DemonGR200R
msx125261,Honda,MSX125
smash115373297,Suzuki,Smash115
fnn6419,Yamaha,Finn
legend250twin5264,GPX,Legend250Twin
wave110i13,Honda,Wave110i
nnja400847,Kawasaki,Ninja400
wave125i5733,Honda,Wave125i
nnja4002388267,Kawasaki,Ninja400
legend250twin177,GPX,Legend250Twin
raider1502679,Suzuki,Raider150
raider15024,Suzuki,Raider150
cb150r37,Honda,CB150R
click125i22,Honda,Click125i
ninja40098,Kawasaki,Ninja400
nnja4006563,Kawasaki,Ninja400
aerox155457,Yamaha,Aerox155
rader1506876576,Suzuki,Raider150
grandfilano4816312,Yamaha,GrandFilano
nnja40089,Kawasaki,Ninja400
smash115314,Suzuki,Smash115
excter15546782,Yamaha,Exciter155
drone1501,GPX,Drone150
msx12524,Honda,MSX125
rader15068767,Suzuki,Raider150
cb150r311,Honda,CB150R
msx1251,Honda,MSX125
clck125396,Honda,Click125i
pcx16038,Honda,PCX160
wave110i745,Honda,Wave110i
nnja400149,Kawasaki,Ninja400
excter1556264,Yamaha,Exciter155
grandfilano361,Yamaha,GrandFilano
ninja400987,Kawasaki,Ninja400
r15921,Yamaha,R15
cb300r7185,Honda,CB300R
nnja400451952,Kawasaki,Ninja400
ninja4005123,Kawasaki,Ninja400
wave12543,Honda,Wave125i
r156,Yamaha,R15
grandfilano81,Yamaha,GrandFilano
z400711,Kawasaki,Z400
legend250twin5926,GPX,Legend250Twin
nnja400455,Kawasaki,Ninja400
rader150942618,Suzuki,Raider150
nnja40085,Kawasaki,Ninja400
aerox1556815,Yamaha,Aerox155
cb150r6836,Honda,CB150R
ninja25056,Kawasaki,Ninja250
ninja4005125,Kawasaki,Ninja400
smash1153732919,Suzuki,Smash115
nnja4008435212,Kawasaki,Ninja400
cb150r6818,Honda,CB150R
grandfilano86,Yamaha,GrandFilano
forza350545,Honda,Forza350
legend250twin1712,GPX,Legend250Twin
rader150687673,Suzuki,Raider150
nnja40084352125,Kawasaki,Ninja400
cb150r6837,Honda,CB150R
raider1508,Suzuki,Raider150
rader15068765767,Suzuki,Raider150
nnja400455723745,Kawasaki,Ninja400
click125i227,Honda,Click125i
clck12553,Honda,Click125i
legend250twn5,GPX,Legend250Twin
cb150r59,Honda,CB150R
drone15056,GPX,Drone150
wave12593,Honda,Wave125i
adv350683,Honda,ADV350
grandfilano816,Yamaha,GrandFilano
wave125987,Honda,Wave125i
legend250twin5939,GPX,Legend250Twin
ninja250566,Kawasaki,Ninja250
smash1153741,Suzuki,Smash115
excter1556786,Yamaha,Exciter155
exciter1552774,Yamaha,Exciter155
clck1253994,Honda,Click125i
ninja4004,Kawasaki,Ninja400
legend250twin52649,GPX,Legend250Twin
excter155485,Yamaha,Exciter155
click125i284,Honda,Click125i
rader150984,Suzuki,Raider150
wave125i5736,Honda,Wave125i
pcx1603,Honda,PCX160
legend250twin526528,GPX,Legend250Twin
exciter1552118,Yamaha,Exciter155
legend250twin5296,GPX,Legend250Twin
r159218,Yamaha,R15
aerox155449,Yamaha,Aerox155
legend250twin1719,GPX,Legend250Twin
z400793634,Kawasaki,Z400
drone150161,GPX,Drone150
cb300r763533,Honda,CB300R
ninja40051244,Kawasaki,Ninja400
forza35053,Honda,Forza350
nnja25078,Kawasaki,Ninja250
excter1556786,Yamaha,Exciter155
legend250twin1778,GPX,Legend250Twin
raider1502665,Suzuki,Raider150
cb150r682,Honda,CB150R
msx12528,Honda,MSX125
legend250twin59239,GPX,Legend250Twin
himalayan40059,RoyalEnfield,Himalayan400
aerox15547,Yamaha,Aerox155
pcx160334,Honda,PCX160
grandfilano84,Yamaha,GrandFilano
xmax30059,Yamaha,Xmax300
nnja4006564,Kawasaki,Ninja400
aerox1556413162,Yamaha,Aerox155
wave125i57321,Honda,Wave125i
nmax1553,Yamaha,Nmax155
rader150663,Suzuki,Raider150
z4007938,Kawasaki,Z400
legend250twn79,GPX,Legend250Twin
nnja400145,Kawasaki,Ninja400
crf250l76,Honda,CRF250L
grandfilano4816349,Yamaha,GrandFilano
ninja40067,Kawasaki,Ninja400
clck125395,Honda,Click125i
ninja400512441,Kawasaki,Ninja400
msx12528,Honda,MSX125
pcx160388,Honda,PCX160
wave110i78125,Honda,Wave110i
nnja400843521258,Kawasaki,Ninja400
wave1106,Honda,Wave110i
raider15026799,Suzuki,Raider150
nnja400843,Kawasaki,Ninja400
legend250twin5261,GPX,Legend250Twin
raider150267,Suzuki,Raider150
xmax30058,Yamaha,Xmax300
msx125262,Honda,MSX125
nnja400836,Kawasaki,Ninja400
smash1153793,Suzuki,Smash115
crf250l74,Honda,CRF250L
wave110i133,Honda,Wave110i
nnja4002384,Kawasaki,Ninja400
himalayan400393,RoyalEnfield,Himalayan400
legend250twin17781,GPX,Legend250Twin
wave125986,Honda,Wave125i
nnja400659565,Kawasaki,Ninja400
rader150941,Suzuki,Raider150
crf300l757,Honda,CRF300L
legend250twin59394,GPX,Legend250Twin
rader15094917,Suzuki,Raider150
legend250twn728,GPX,Legend250Twin
nnja400868,Kawasaki,Ninja400
finn3641,Yamaha,Finn
legend250twin5266,GPX,Legend250Twin
exciter1552774,Yamaha,Exciter155
nnja4004557237457,Kawasaki,Ninja400
excter15546847,Yamaha,Exciter155
excter15546782,Yamaha,Exciter155
nnja400451922,Kawasaki,Ninja400
himalayan400592,RoyalEnfield,Himalayan400
nnja40023882863,Kawasaki,Ninja400
cb300r71,Honda,CB300R
raider1502621,Suzuki,Raider150
nnja40023841,Kawasaki,Ninja400
finn4,Yamaha,Finn
wave1259839,Honda,Wave125i
z400885,Kawasaki,Z400
wave110i785,Honda,Wave110i
nnja4002398,Kawasaki,Ninja400
msx125265,Honda,MSX125
excter15561,Yamaha,Exciter155
wave110478,Honda,Wave110i
meteor3507,RoyalEnfield,Meteor350
excter1556525,Yamaha,Exciter155
smash1151666,Suzuki,Smash115
rader1509424,Suzuki,Raider150
fnn696,Yamaha,Finn
demongr200r92,GPX,DemonGR200R
aerox1556818,Yamaha,Aerox155
nnja40088,Kawasaki,Ninja400
smash11537945,Suzuki,Smash115
raider15077,Suzuki,Raider150
ninja25043638,Kawasaki,Ninja250
wave125i5733,Honda,Wave125i
nnja4002388285,Kawasaki,Ninja400
legend250twin526492,GPX,Legend250Twin
cb150r689,Honda,CB150R
r159213,Yamaha,R15
nnja40045576,Kawasaki,Ninja400
adv16022,Honda,ADV160
pcx1603963,Honda,PCX160
click125i232459,Honda,Click125i
himalayan4002,RoyalEnfield,Himalayan400
nnja40023894,Kawasaki,Ninja400
forza3505454,Honda,Forza350
pcx1608498,Honda,PCX160
cb300r71857,Honda,CB300R
smash11516665,Suzuki,Smash115
rader15068768,Suzuki,Raider150
finn44,Yamaha,Finn
exciter1552773,Yamaha,Exciter155
rader1506631,Suzuki,Raider150
nnja40065412,Kawasaki,Ninja400
cb300r698,Honda,CB300R
msx125284,Honda,MSX125
ninja400638,Kawasaki,Ninja400
xmax30051,Yamaha,Xmax300
nnja4006588,Kawasaki,Ninja400
wave125i5734,Honda,Wave125i
pcx1603882,Honda,PCX160
nnja400686,Kawasaki,Ninja400
cb150r67,Honda,CB150R
legend250twin19,GPX,Legend250Twin
nnja400893,Kawasaki,Ninja400
cb150r317,Honda,CB150R
fnn6415,Yamaha,Finn
msx125288,Honda,MSX125
rader150687678,Suzuki,Raider150
adv16032593,Honda,ADV160
finn91,Yamaha,Finn
nnja4001499,Kawasaki,Ninja400
grandfilano819,Yamaha,GrandFilano
excter1556229,Yamaha,Exciter155
legend250twn795,GPX,Legend250Twin
adv350678,Honda,ADV350
nnja4006561,Kawasaki,Ninja400
cb300r7978,Honda,CB300R
nnja40045572375,Kawasaki,Ninja400
excter1554859,Yamaha,Exciter155
cb150r6893,Honda,CB150R
legend250twn794,GPX,Legend250Twin
legend250twn795,GPX,Legend250Twin
excter1556785,Yamaha,Exciter155
excter1554857,Yamaha,Exciter155
grandfilano83,Yamaha,GrandFilano
excter155482,Yamaha,Exciter155
cb300r63,Honda,CB300R
z250861,Kawasaki,Z250
legend250twin52669,GPX,Legend250Twin
wave125i57327,Honda,Wave125i
legend250twin52665,GPX,Legend250Twin
aerox155643,Yamaha,Aerox155
smash11515,Suzuki,Smash115
z2508399,Kawasaki,Z250
r1592188,Yamaha,R15
smash115166654,Suzuki,Smash115
legend250twin93,GPX,Legend250Twin
cb150r68184,Honda,CB150R
rader1509466,Suzuki,Raider150
nnja40065612,Kawasaki,Ninja400
drone1501699,GPX,Drone150
excter155629,Yamaha,Exciter155
z250888,Kawasaki,Z250
demongr200r7886,GPX,DemonGR200R
meteor35073,RoyalEnfield,Meteor350
himalayan4007,RoyalEnfield,Himalayan400
wave125i57346,Honda,Wave125i
rader1506876734,Suzuki,Raider150
excter155467824,Yamaha,Exciter155
smash115379454,Suzuki,Smash115
cb300r692,Honda,CB300R
nnja40065413,Kawasaki,Ninja400
smash1151662,Suzuki,Smash115
excter155468478,Yamaha,Exciter155
nnja40065881,Kawasaki,Ninja400
smash11537931,Suzuki,Smash115
legend250twin17191,GPX,Legend250Twin
exciter15521185,Yamaha,Exciter155
clck1253923,Honda,Click125i
clck125318,Honda,Click125i
nnja40084352126,Kawasaki,Ninja400
drone150595,GPX,Drone150
adv350677,Honda,ADV350
rader150949158,Suzuki,Raider150
fnn671,Yamaha,Finn
adv160328,Honda,ADV160
rader150681,Suzuki,Raider150
clck125339,Honda,Click125i
legend250twin52613,GPX,Legend250Twin
exciter155463,Yamaha,Exciter155
smash1153781,Suzuki,Smash115
legend250twin59329,GPX,Legend250Twin
excter155675,Yamaha,Exciter155
legend250twin52677,GPX,Legend250Twin
rader150687657671,Suzuki,Raider150
wave1259816,Honda,Wave125i
wave1259819,Honda,Wave125i
adv1608,Honda,ADV160
nnja4001494,Kawasaki,Ninja400
legend250twin5329,GPX,Legend250Twin
aerox155414,Yamaha,Aerox155
himalayan40035,RoyalEnfield,Himalayan400
raider150372,Suzuki,Raider150
click125i24,Honda,Click125i
click125i232,Honda,Click125i
legend250twin526134,GPX,Legend250Twin
legend250twin52969,GPX,Legend250Twin
raider15059,Suzuki,Raider150
drone150515,GPX,Drone150
nnja40065432,Kawasaki,Ninja400
exciter15544,Yamaha,Exciter155
pcx1603965,Honda,PCX160
z40079365,Kawasaki,Z400
cb300r7976,Honda,CB300R
nnja40065611,Kawasaki,Ninja400
pcx1603395,Honda,PCX160
msx125227,Honda,MSX125
z40087,Kawasaki,Z400
grandfilano4816348,Yamaha,GrandFilano
nnja4006595657,Kawasaki,Ninja400
smash11537416,Suzuki,Smash115
exciter155654,Yamaha,Exciter155
legend250twin142,GPX,Legend250Twin
clck12596,Honda,Click125i
grandfilano483,Yamaha,GrandFilano
raider15053,Suzuki,Raider150
cb150r6893,Honda,CB150R
pcx1603347,Honda,PCX160
raider150596,Suzuki,Raider150
exciter1552777,Yamaha,Exciter155
smash115184,Suzuki,Smash115
wave1104788,Honda,Wave110i
versys6509,Kawasaki,Versys650
aerox155689,Yamaha,Aerox155
nnja40065636,Kawasaki,Ninja400
ninja25054,Kawasaki,Ninja250
msx12527,Honda,MSX125
xsr1556,Yamaha,XSR155
legend250twin59237,GPX,Legend250Twin
clck12595,Honda,Click125i
z400793635,Kawasaki,Z400
nnja400654329,Kawasaki,Ninja400
legend250twn29,GPX,Legend250Twin
ninja40051232,Kawasaki,Ninja400
click125i23248,Honda,Click125i
excter1554678244,Yamaha,Exciter155
nnja400654125,Kawasaki,Ninja400
forza3504,Honda,Forza350
legend250twin51,GPX,Legend250Twin
raider150377,Suzuki,Raider150
nnja40014991,Kawasaki,Ninja400
z40079368,Kawasaki,Z400
pcx16084989,Honda,PCX160
nnja40065637,Kawasaki,Ninja400
excter1554684781,Yamaha,Exciter155
adv1604,Honda,ADV160
click125i232457,Honda,Click125i
mt1523,Yamaha,MT15
exciter15527746,Yamaha,Exciter155
nnja40047,Kawasaki,Ninja400
legend250twin194,GPX,Legend250Twin
fnn693,Yamaha,Finn
nnja400843524,Kawasaki,Ninja400
nnja400659594,Kawasaki,Ninja400
himalayan40026,RoyalEnfield,Himalayan400
finn32,Yamaha,Finn
excter1556758,Yamaha,Exciter155
nnja400849,Kawasaki,Ninja400
click125i232,Honda,Click125i
rader150942616,Suzuki,Raider150
z4007117,Kawasaki,Z400
fnn6938,Yamaha,Finn
wave110i1333,Honda,Wave110i
exciter15521,Yamaha,Exciter155
finn983,Yamaha,Finn
nnja400656375,Kawasaki,Ninja400
smash1151846,Suzuki,Smash115
legend250twin591,GPX,Legend250Twin
finn445,Yamaha,Finn
demongr200r979,GPX,DemonGR200R
nnja40045572372,Kawasaki,Ninja400
msx125283,Honda,MSX125
excter1556589,Yamaha,Exciter155
nnja40048,Kawasaki,Ninja400
ninja2505662,Kawasaki,Ninja250
legend250twn7286,GPX,Legend250Twin
nnja40041,Kawasaki,Ninja400
smash1153745,Suzuki,Smash115
nnja4001493,Kawasaki,Ninja400
excter1556747,Yamaha,Exciter155
excter15594,Yamaha,Exciter155
excter1554826,Yamaha,Exciter155
drone15016997,GPX,Drone150
cb150r689,Honda,CB150R
nnja40065616,Kawasaki,Ninja400
rader1506876576719,Suzuki,Raider150
legend250twin12,GPX,Legend250Twin
msx12511,Honda,MSX125
adv16022,Honda,ADV160
rader1509469,Suzuki,Raider150
rader15068767347,Suzuki,Raider150
nnja4006556,Kawasaki,Ninja400
xsr15515,Yamaha,XSR155
click125i2324596,Honda,Click125i
click125i2841,Honda,Click125i
grandfilano8,Yamaha,GrandFilano
finn81,Yamaha,Finn
pcx1603786,Honda,PCX160
nnja4006587,Kawasaki,Ninja400
wave1259812,Honda,Wave125i
smash11537326,Suzuki,Smash115
nnja400899,Kawasaki,Ninja400
drone15058,GPX,Drone150
wave11065,Honda,Wave110i
raider150265,Suzuki,Raider150
mt1585,Yamaha,MT15
nnja40023895,Kawasaki,Ninja400
smash11537323,Suzuki,Smash115
msx125289,Honda,MSX125
pcx1603396,Honda,PCX160
ninja40043,Kawasaki,Ninja400
nnja400238824,Kawasaki,Ninja400
rader15094249,Suzuki,Raider150
adv3506833,Honda,ADV350
nnja400843521251,Kawasaki,Ninja400
rader15068762,Suzuki,Raider150
z4007936343,Kawasaki,Z400
nmax15533,Yamaha,Nmax155
clck1253928,Honda,Click125i
smash1153794549,Suzuki,Smash115
nnja400656367,Kawasaki,Ninja400
grandfilano481634,Yamaha,GrandFilano
wave12598166,Honda,Wave125i
rader1509491585,Suzuki,Raider150
wave125i57331,Honda,Wave125i
smash115934,Suzuki,Smash115
nnja4008435212,Kawasaki,Ninja400
nnja40023898,Kawasaki,Ninja400
nnja4006812,Kawasaki,Ninja400
clck1253951,Honda,Click125i
raider1503,Suzuki,Raider150
z400793681,Kawasaki,Z400
rader150664,Suzuki,Raider150
cb300r7188,Honda,CB300R
himalayan400392,RoyalEnfield,Himalayan400
exciter15527745,Yamaha,Exciter155
raider150242,Suzuki,Raider150
z4007936818,Kawasaki,Z400
aerox155683,Yamaha,Aerox155
excter1554828,Yamaha,Exciter155
grandfilano814,Yamaha,GrandFilano
nnja40023899,Kawasaki,Ninja400
legend250twin521,GPX,Legend250Twin
exciter15527731,Yamaha,Exciter155
adv160224,Honda,ADV160
xmax300581,Yamaha,Xmax300
clck125989,Honda,Click125i
mt15235,Yamaha,MT15
excter1556745,Yamaha,Exciter155
nnja4008444,Kawasaki,Ninja400
nnja400455723749,Kawasaki,Ninja400
rader150687657676,Suzuki,Raider150
excter15599,Yamaha,Exciter155
nnja400238949,Kawasaki,Ninja400
exciter15527742,Yamaha,Exciter155
drone1505,GPX,Drone150
ninja400519,Kawasaki,Ninja400
nnja40045572,Kawasaki,Ninja400
excter1556786,Yamaha,Exciter155
legend250twn7958,GPX,Legend250Twin
raider150376,Suzuki,Raider150
raider1502674,Suzuki,Raider150
drone15018,GPX,Drone150
nnja4004557237478,Kawasaki,Ninja400
aerox1554498,Yamaha,Aerox155
clck1253932,Honda,Click125i
clck1253917,Honda,Click125i
rader1506648,Suzuki,Raider150
r1592181,Yamaha,R15
ninja40051235,Kawasaki,Ninja400
cb300r718577,Honda,CB300R
nnja4006595653,Kawasaki,Ninja400
adv1602246,Honda,ADV160
excter15546782442,Yamaha,Exciter155
fnn6982,Yamaha,Finn
aerox155688,Yamaha,Aerox155
ninja40053,Kawasaki,Ninja400
drone1501612,GPX,Drone150
ninja40051927,Kawasaki,Ninja400
meteor350732,RoyalEnfield,Meteor350
z40079353,Kawasaki,Z400
nnja40084352156,Kawasaki,Ninja400
wave125i57329,Honda,Wave125i
exciter155211859,Yamaha,Exciter155
cb150r3112,Honda,CB150R
grandfilano831,Yamaha,GrandFilano
drone15016128,GPX,Drone150
finn82,Yamaha,Finn
smash1153798,Suzuki,Smash115
nnja400451923,Kawasaki,Ninja400
msx1252835,Honda,MSX125
legend250twn35,GPX,Legend250Twin
nnja400238828639,Kawasaki,Ninja400
smash115188,Suzuki,Smash115
rader150949138,Suzuki,Raider150
nnja4008435246,Kawasaki,Ninja400
classc35046,RoyalEnfield,Classic350
burgman4008,Suzuki,Burgman400
nnja40065,Kawasaki,Ninja400
click125i2322,Honda,Click125i
finn444,Yamaha,Finn
smash115182,Suzuki,Smash115
nnja4004519223,Kawasaki,Ninja400
legend250twin526771,GPX,Legend250Twin
drone150169,GPX,Drone150
ninja2509,Kawasaki,Ninja250
rader1506876576712,Suzuki,Raider150
aerox15541313,Yamaha,Aerox155
excter1556264,Yamaha,Exciter155
grandfilano3619,Yamaha,GrandFilano
smash1153,Suzuki,Smash115
excter155467829,Yamaha,Exciter155
msx12521,Honda,MSX125
wave125935,Honda,Wave125i
excter1554618,Yamaha,Exciter155
nnja40044,Kawasaki,Ninja400
ninja40051928,Kawasaki,Ninja400
aerox15544,Yamaha,Aerox155
drone150185,GPX,Drone150
pcx160333541,Honda,PCX160
cb150r693,Honda,CB150R
fnn69825,Yamaha,Finn
nnja400455762,Kawasaki,Ninja400
smash115379313,Suzuki,Smash115
excter155624,Yamaha,Exciter155
nnja40065885,Kawasaki,Ninja400
smash11537322,Suzuki,Smash115
excter15567897,Yamaha,Exciter155
excter1556788,Yamaha,Exciter155
wave125i573273,Honda,Wave125i
nnja40065564,Kawasaki,Ninja400
finn36482,Yamaha,Finn
smash1151666548,Suzuki,Smash115
clck12539174,Honda,Click125i
rader1509426183,Suzuki,Raider150
grandfilano487,Yamaha,GrandFilano
z400881,Kawasaki,Z400
legend250twin523,GPX,Legend250Twin
cb300r7633,Honda,CB300R
excter155463,Yamaha,Exciter155
legend250twin52648,GPX,Legend250Twin
aerox1556432,Yamaha,Aerox155
nnja400843526,Kawasaki,Ninja400
adv16022467,Honda,ADV160
wave110i7452,Honda,Wave110i
fnn6961,Yamaha,Finn
xsr155154,Yamaha,XSR155
wave12598392,Honda,Wave125i
drone150158,GPX,Drone150
raider15026796,Suzuki,Raider150
clck125332,Honda,Click125i
legend250twin98,GPX,Legend250Twin
clck1259897,Honda,Click125i
demongr200r9795,GPX,DemonGR200R
aerox155444,Yamaha,Aerox155
adv1603253,Honda,ADV160
rader1506648,Suzuki,Raider150
msx125283,Honda,MSX125
excter155998,Yamaha,Exciter155
nnja400489,Kawasaki,Ninja400
legend250twin52663,GPX,Legend250Twin
r15922,Yamaha,R15
himalayan4005926,RoyalEnfield,Himalayan400
smash115373224,Suzuki,Smash115
smash1153152,Suzuki,Smash115
click125i229,Honda,Click125i
nnja400455723756,Kawasaki,Ninja400
raider150267,Suzuki,Raider150
raider1502662,Suzuki,Raider150
grandfilano366,Yamaha,GrandFilano
drone150164,GPX,Drone150
rader1506645,Suzuki,Raider150
nnja400836,Kawasaki,Ninja400
excter155634,Yamaha,Exciter155
nnja400659562,Kawasaki,Ninja400
ninja4009875,Kawasaki,Ninja400
mt1587,Yamaha,MT15
legend250twin5326,GPX,Legend250Twin
drone15012,GPX,Drone150
smash11537945492,Suzuki,Smash115
gsxr1508,Suzuki,GSXR150
msx1252893,Honda,MSX125
rader1506871,Suzuki,Raider150
exciter15527748,Yamaha,Exciter155
nnja40084352152,Kawasaki,Ninja400
xmax30058,Yamaha,Xmax300
ninja40051234,Kawasaki,Ninja400
clck1253188,Honda,Click125i
burgman40088,Suzuki,Burgman400
msx12528931,Honda,MSX125
cb300r7477,Honda,CB300R
nnja40081,Kawasaki,Ninja400
click125i232457,Honda,Click125i
r159,Yamaha,R15
fnn6718,Yamaha,Finn
versys65098,Kawasaki,Versys650
legend250twn72863,GPX,Legend250Twin
excter15567451,Yamaha,Exciter155
nnja40081,Kawasaki,Ninja400
cb300r67,Honda,CB300R
smash11537841,Suzuki,Smash115
gsxr15086,Suzuki,GSXR150
excter15546784,Yamaha,Exciter155
exciter155277481,Yamaha,Exciter155
excter15562643,Yamaha,Exciter155
wave11042,Honda,Wave110i
wave110654,Honda,Wave110i
nnja4006811,Kawasaki,Ninja400
aerox155689,Yamaha,Aerox155
exciter15527773,Yamaha,Exciter155
legend250twin526521,GPX,Legend250Twin
excter15565897,Yamaha,Exciter155
crf300l4,Honda,CRF300L
nnja4004519521,Kawasaki,Ninja400
excter1556752,Yamaha,Exciter155
clck125332,Honda,Click125i
meteor350734,RoyalEnfield,Meteor350
legend250twin56,GPX,Legend250Twin
grandfilano8169,Yamaha,GrandFilano
himalayan4003936,RoyalEnfield,Himalayan400
legend250twin191,GPX,Legend250Twin
fnn6713,Yamaha,Finn
smash11598,Suzuki,Smash115
aerox15564139,Yamaha,Aerox155
excter155467825,Yamaha,Exciter155
aerox1554131,Yamaha,Aerox155
classc3501,RoyalEnfield,Classic350
smash1153732921,Suzuki,Smash115
z40085,Kawasaki,Z400
xmax300517,Yamaha,Xmax300
xmax300519,Yamaha,Xmax300
legend250twin147,GPX,Legend250Twin
smash115945,Suzuki,Smash115
ninja2503,Kawasaki,Ninja250
smash11537324,Suzuki,Smash115
legend250twin526638,GPX,Legend250Twin
z400878,Kawasaki,Z400
clck1253997,Honda,Click125i
nnja400893,Kawasaki,Ninja400
wave1259355,Honda,Wave125i
finn2,Yamaha,Finn
excter1556226,Yamaha,Exciter155
ninja2501,Kawasaki,Ninja250
nnja400675,Kawasaki,Ninja400
pcx1603399,Honda,PCX160
cb300r79783,Honda,CB300R
cb150r3174,Honda,CB150R
smash115317,Suzuki,Smash115
cb300r79,Honda,CB300R
finn4442,Yamaha,Finn
excter15567887,Yamaha,Exciter155
pcx160381,Honda,PCX160
rader15066,Suzuki,Raider150
smash1153795,Suzuki,Smash115
raider15036,Suzuki,Raider150
ninja400512358,Kawasaki,Ninja400
aerox1554134,Yamaha,Aerox155
smash115378413,Suzuki,Smash115
pcx16033967,Honda,PCX160
smash115379454921,Suzuki,Smash115
r15921,Yamaha,R15
nnja4006565,Kawasaki,Ninja400
exciter1556546,Yamaha,Exciter155
ninja400985,Kawasaki,Ninja400
mt15887,Yamaha,MT15
cb150r6892,Honda,CB150R
legend250twin597,GPX,Legend250Twin
aerox15548,Yamaha,Aerox155
exciter155449,Yamaha,Exciter155
smash1159346,Suzuki,Smash115
nnja4006595942,Kawasaki,Ninja400
legend250twin984,GPX,Legend250Twin
raider1503778,Suzuki,Raider150
gsxr150863,Suzuki,GSXR150
excter1556246,Yamaha,Exciter155
cb150r6895,Honda,CB150R
smash115377,Suzuki,Smash115
aerox15546,Yamaha,Aerox155
rader150687626,Suzuki,Raider150
ninja4009852,Kawasaki,Ninja400
nnja40065886,Kawasaki,Ninja400
z2508556,Kawasaki,Z250
aerox15544986,Yamaha,Aerox155
r159212,Yamaha,R15
klx2303,Kawasaki,KLX230
himalayan4005925,RoyalEnfield,Himalayan400
msx1252616,Honda,MSX125
legend250twin5265213,GPX,Legend250Twin
klx2304,Kawasaki,KLX230
wave125i573469,Honda,Wave125i
meteor350731,RoyalEnfield,Meteor350
fnn67,Yamaha,Finn
nnja40061,Kawasaki,Ninja400
smash115373227,Suzuki,Smash115
nnja40068116,Kawasaki,Ninja400
clck1253173,Honda,Click125i
smash1159343,Suzuki,Smash115
nnja4006582,Kawasaki,Ninja400
excter155678972,Yamaha,Exciter155
legend250twin1478,GPX,Legend250Twin
adv160325,Honda,ADV160
legend250twin52613,GPX,Legend250Twin
smash11537953,Suzuki,Smash115
smash1153791,Suzuki,Smash115
legend250twn717,GPX,Legend250Twin
aerox15565,Yamaha,Aerox155
nnja40086252,Kawasaki,Ninja400
legend250twn725,GPX,Legend250Twin
msx12528,Honda,MSX125
nnja4006597,Kawasaki,Ninja400
excter15549,Yamaha,Exciter155
ninja25043636,Kawasaki,Ninja250
wave1259844,Honda,Wave125i
exciter1552774815,Yamaha,Exciter155
legend250twn729,GPX,Legend250Twin
raider15026298,Suzuki,Raider150
exciter15527748158,Yamaha,Exciter155
ninja250436381,Kawasaki,Ninja250
wave110i137,Honda,Wave110i
rader150687673475,Suzuki,Raider150
himalayan400353,RoyalEnfield,Himalayan400
nnja40065956537,Kawasaki,Ninja400
smash11518463,Suzuki,Smash115
z25096,Kawasaki,Z250
legend250twin52664,GPX,Legend250Twin
legend250twin5237,GPX,Legend250Twin
rader150687673474,Suzuki,Raider150
nnja40065887,Kawasaki,Ninja400
meteor35096,RoyalEnfield,Meteor350
ninja250438,Kawasaki,Ninja250
nnja4008936,Kawasaki,Ninja400
fnn671,Yamaha,Finn
clck1253394,Honda,Click125i
msx12549,Honda,MSX125
grandfilano8146,Yamaha,GrandFilano
nnja400656367,Kawasaki,Ninja400
excter155678876,Yamaha,Exciter155
finn829,Yamaha,Finn
raider1502674,Suzuki,Raider150
pcx160335,Honda,PCX160
meteor35099,RoyalEnfield,Meteor350
cb300r675,Honda,CB300R
legend250twin526698,GPX,Legend250Twin
exciter155277734,Yamaha,Exciter155
nnja400897,Kawasaki,Ninja400
nnja400843521568,Kawasaki,Ninja400
nnja400681169,Kawasaki,Ninja400
legend250twin127,GPX,Legend250Twin
clck12539171,Honda,Click125i
msx125268,Honda,MSX125
msx1252274,Honda,MSX125
excter15546847814,Yamaha,Exciter155
wave1259814,Honda,Wave125i
nnja400238952,Kawasaki,Ninja400
ninja25082,Kawasaki,Ninja250
grandfilano36198,Yamaha,GrandFilano
rader1509495,Suzuki,Raider150
legend250twn77,GPX,Legend250Twin
ninja25057,Kawasaki,Ninja250
finn4445,Yamaha,Finn
finn97,Yamaha,Finn
adv3506787,Honda,ADV350
smash115373224,Suzuki,Smash115
nnja4006541259,Kawasaki,Ninja400
exciter155277481589,Yamaha,Exciter155
nnja4004892,Kawasaki,Ninja400
rader15066312,Suzuki,Raider150
wave11092,Honda,Wave110i
z4008788,Kawasaki,Z400
raider150592,Suzuki,Raider150
grandfilano847,Yamaha,GrandFilano
rader1506876576718,Suzuki,Raider150
nnja40065826,Kawasaki,Ninja400
wave11047882,Honda,Wave110i
nnja400656365,Kawasaki,Ninja400
rader1509491582,Suzuki,Raider150
cb300r7185775,Honda,CB300R
excter155468478,Yamaha,Exciter155
smash1153794549212,Suzuki,Smash115
wave1259861,Honda,Wave125i
cb300r6983,Honda,CB300R
aerox1556899,Yamaha,Aerox155
msx125243,Honda,MSX125
versys6507,Kawasaki,Versys650
msx12528,Honda,MSX125
wave125i57321,Honda,Wave125i
grandfilano8196,Yamaha,GrandFilano
smash1156,Suzuki,Smash115
aerox155641317,Yamaha,Aerox155
legend250twin1428,GPX,Legend250Twin
cb300r71855,Honda,CB300R
clck1253959,Honda,Click125i
cb150r6753,Honda,CB150R
wave110i7815,Honda,Wave110i
nnja400654329,Kawasaki,Ninja400
nnja4006595623,Kawasaki,Ninja400
forza35056,Honda,Forza350
clck125391719,Honda,Click125i
smash115373246,Suzuki,Smash115
msx12513,Honda,MSX125
exciter155277738,Yamaha,Exciter155
exciter1552773,Yamaha,Exciter155
msx1252655,Honda,MSX125
excter155468461,Yamaha,Exciter155
msx125276,Honda,MSX125
cb300r127,Honda,CB300R
wave110478825,Honda,Wave110i
excter1556783,Yamaha,Exciter155
smash11516666,Suzuki,Smash115
wave125i573276,Honda,Wave125i
legend250twin5986,GPX,Legend250Twin
fnn691,Yamaha,Finn
nnja400853,Kawasaki,Ninja400
smash115942,Suzuki,Smash115
wave1259877,Honda,Wave125i
crf250l762,Honda,CRF250L
nnja4008493,Kawasaki,Ninja400
nnja400611,Kawasaki,Ninja400
fnn68,Yamaha,Finn
aerox155641311,Yamaha,Aerox155
rader15094696,Suzuki,Raider150
rader150687655,Suzuki,Raider150
fnn41,Yamaha,Finn
nnja4006595949,Kawasaki,Ninja400
smash1153732242,Suzuki,Smash115
clck12539997,Honda,Click125i
legend250twn724,GPX,Legend250Twin
forza350567,Honda,Forza350
ninja400512329,Kawasaki,Ninja400
aerox1556895,Yamaha,Aerox155
rader150687626,Suzuki,Raider150
nnja4004896,Kawasaki,Ninja400
ninja250542,Kawasaki,Ninja250
aerox1554496,Yamaha,Aerox155
clck125399972,Honda,Click125i
raider15036,Suzuki,Raider150
legend250twin141,GPX,Legend250Twin
excter1556581,Yamaha,Exciter155
pcx16084983,Honda,PCX160
wave1104788259,Honda,Wave110i
legend250twin91,GPX,Legend250Twin
aerox1556413169,Yamaha,Aerox155
legend250twin526492,GPX,Legend250Twin
clck12539943,Honda,Click125i
clck12539321,Honda,Click125i
finn811,Yamaha,Finn
finn4,Yamaha,Finn
drone1501611,GPX,Drone150
msx1252658,Honda,MSX125
nnja400658815,Kawasaki,Ninja400
nnja4006595622,Kawasaki,Ninja400
adv160222,Honda,ADV160
mt158874,Yamaha,MT15
wave125i59,Honda,Wave125i
ninja40098758,Kawasaki,Ninja400
meteor3507312,RoyalEnfield,Meteor350
smash11537942,Suzuki,Smash115
smash11537956,Suzuki,Smash115
grandfilano481634,Yamaha,GrandFilano
grandfilano81694,Yamaha,GrandFilano
raider15035,Suzuki,Raider150
ninja2504389,Kawasaki,Ninja250
finn42,Yamaha,Finn
ninja400519283,Kawasaki,Ninja400
nnja4004519233,Kawasaki,Ninja400
excter155481,Yamaha,Exciter155
classic35085,RoyalEnfield,Classic350
adv160224674,Honda,ADV160
pcx16039634,Honda,PCX160
pcx16037,Honda,PCX160
rader1506876734741,Suzuki,Raider150
wave125i5732731,Honda,Wave125i
wave11043,Honda,Wave110i
cb150r6935,Honda,CB150R
wave125i573299,Honda,Wave125i
cb300r74775,Honda,CB300R
cb150r6936,Honda,CB150R
meteor350966,RoyalEnfield,Meteor350
demongr200r3,GPX,DemonGR200R
wave110i781252,Honda,Wave110i
nnja4008931,Kawasaki,Ninja400
smash11537327,Suzuki,Smash115
z2508612,Kawasaki,Z250
fnn6962,Yamaha,Finn
nnja40089313,Kawasaki,Ninja400
z4007936349,Kawasaki,Z400
legend250twin989,GPX,Legend250Twin
wave11043,Honda,Wave110i
forza3505675,Honda,Forza350
forza35056751,Honda,Forza350
smash1159424,Suzuki,Smash115
finn815,Yamaha,Finn
excter155678874,Yamaha,Exciter155
demongr200r97959,GPX,DemonGR200R
aerox1556884,Yamaha,Aerox155
smash11537918,Suzuki,Smash115
excter15546848,Yamaha,Exciter155
clck1253932,Honda,Click125i
himalayan4003939,RoyalEnfield,Himalayan400
pcx1603342,Honda,PCX160
drone15017,GPX,Drone150
exciter1552113,Yamaha,Exciter155
z400793651,Kawasaki,Z400
excter155674,Yamaha,Exciter155
smash11593468,Suzuki,Smash115
aerox15568158,Yamaha,Aerox155
adv1602246747,Honda,ADV160
aerox155483,Yamaha,Aerox155
excter15567458,Yamaha,Exciter155
gsxr1509,Suzuki,GSXR150
cb300r72,Honda,CB300R
drone1501856,GPX,Drone150
nnja4004557237454,Kawasaki,Ninja400
drone15051,GPX,Drone150
excter155492,Yamaha,Exciter155
grandfilano81967,Yamaha,GrandFilano
nnja40023895,Kawasaki,Ninja400
grandfilano4816319,Yamaha,GrandFilano
clck1253924,Honda,Click125i
grandfilano4872,Yamaha,GrandFilano
raider1502623,Suzuki,Raider150
exciter1552114,Yamaha,Exciter155
xmax300584,Yamaha,Xmax300
cb300r7185777,Honda,CB300R
cb300r718555,Honda,CB300R
nnja400238419,Kawasaki,Ninja400
legend250twin1275,GPX,Legend250Twin
smash11537845,Suzuki,Smash115
clck12533,Honda,Click125i
wave125982,Honda,Wave125i
nnja4004556,Kawasaki,Ninja400
klx23031,Kawasaki,KLX230
legend250twin3,GPX,Legend250Twin
nnja4008361,Kawasaki,Ninja400
rader15066488,Suzuki,Raider150
clck125964,Honda,Click125i
exciter155211,Yamaha,Exciter155
msx12527,Honda,MSX125
nnja40084741,Kawasaki,Ninja400
legend250twin9895,GPX,Legend250Twin
msx1252659,Honda,MSX125
nnja400893134,Kawasaki,Ninja400
legend250twin596,GPX,Legend250Twin
nnja40046,Kawasaki,Ninja400
msx125133,Honda,MSX125
nnja40065438,Kawasaki,Ninja400
z2508611,Kawasaki,Z250
nnja4008683,Kawasaki,Ninja400
smash1151881,Suzuki,Smash115
rader15068767347414,Suzuki,Raider150
nnja400455729,Kawasaki,Ninja400
nnja400658853,Kawasaki,Ninja400
legend250twin52662,GPX,Legend250Twin
clck125314,Honda,Click125i
raider15026621,Suzuki,Raider150
xmax300515,Yamaha,Xmax300
clck1259649,Honda,Click125i
ninja400528,Kawasaki,Ninja400
cb150r6819,Honda,CB150R
rader15068767,Suzuki,Raider150
rader150668,Suzuki,Raider150
wave12593556,Honda,Wave125i
excter15548448,Yamaha,Exciter155
clck12534,Honda,Click125i
click125i2324593,Honda,Click125i
nnja40084352463,Kawasaki,Ninja400
excter15567862,Yamaha,Exciter155
click125i23241,Honda,Click125i
legend250twin593296,GPX,Legend250Twin
legend250twin5976,GPX,Legend250Twin
excter15548578,Yamaha,Exciter155
nnja40086834,Kawasaki,Ninja400
cb300r674,Honda,CB300R
nnja4008497,Kawasaki,Ninja400
wave125i5734699,Honda,Wave125i
nnja4006588539,Kawasaki,Ninja400
grandfilano8145,Yamaha,GrandFilano
rader150668,Suzuki,Raider150
nnja4001431,Kawasaki,Ninja400
rader1506683,Suzuki,Raider150
rader1509631,Suzuki,Raider150
fnn416,Yamaha,Finn
fnn6911,Yamaha,Finn
click125i232,Honda,Click125i
wave12598575,Honda,Wave125i
cb150r6829,Honda,CB150R
nnja40065956222,Kawasaki,Ninja400
aerox1556426,Yamaha,Aerox155
aerox1556413,Yamaha,Aerox155
nnja40068115,Kawasaki,Ninja400
z4007993,Kawasaki,Z400
smash11531524,Suzuki,Smash115
wave12598149,Honda,Wave125i
versys6501,Kawasaki,Versys650
nnja400659562223,Kawasaki,Ninja400
legend250twin1414,GPX,Legend250Twin
klx230316,Kawasaki,KLX230
excter15548289,Yamaha,Exciter155
rader15068767347,Suzuki,Raider150
nnja400658267,Kawasaki,Ninja400
click125i29,Honda,Click125i
ninja400631,Kawasaki,Ninja400
nnja400843524632,Kawasaki,Ninja400
versys65078,Kawasaki,Versys650
cb300r11,Honda,CB300R
legend250twin53294,GPX,Legend250Twin
gsxr1504,Suzuki,GSXR150
aerox1556435,Yamaha,Aerox155
legend250twin59326,GPX,Legend250Twin
wave125i5732994,Honda,Wave125i
legend250twin52669,GPX,Legend250Twin
nnja40023849,Kawasaki,Ninja400
finn86,Yamaha,Finn
wave110i1379,Honda,Wave110i
grandfilano4879,Yamaha,GrandFilano
rader1506876734753,Suzuki,Raider150
fnn644,Yamaha,Finn
excter15548594,Yamaha,Exciter155
wave110i747,Honda,Wave110i
raider15071,Suzuki,Raider150
excter1554684783,Yamaha,Exciter155
ninja2504362,Kawasaki,Ninja250
wave110i7812522,Honda,Wave110i
clck12539282,Honda,Click125i
excter155626432,Yamaha,Exciter155
rader15066482,Suzuki,Raider150
clck125393,Honda,Click125i
cb300r71887,Honda,CB300R
nnja40045568,Kawasaki,Ninja400
msx125491,Honda,MSX125
ninja400696,Kawasaki,Ninja400
legend250twin526639,GPX,Legend250Twin
raider15026237,Suzuki,Raider150
grandfilano84,Yamaha,GrandFilano
nnja40023882678,Kawasaki,Ninja400
legend250twn7299,GPX,Legend250Twin
legend250twin98955,GPX,Legend250Twin
xmax3005845,Yamaha,Xmax300
rader150963,Suzuki,Raider150
nnja400655642,Kawasaki,Ninja400
cb150r6891,Honda,CB150R
fnn6962,Yamaha,Finn
smash1153171,Suzuki,Smash115
xsr15551,Yamaha,XSR155
classic35084,RoyalEnfield,Classic350
click125i2325,Honda,Click125i
legend250twin52129,GPX,Legend250Twin
exciter155276,Yamaha,Exciter155
rader15066486,Suzuki,Raider150
fnn6719,Yamaha,Finn
ninja4005124418,Kawasaki,Ninja400
smash11537845,Suzuki,Smash115
pcx1603354,Honda,PCX160
msx1252654,Honda,MSX125
msx125284,Honda,MSX125
nnja4006543291,Kawasaki,Ninja400
raider1506,Suzuki,Raider150
exciter155277731,Yamaha,Exciter155
ninja400512352,Kawasaki,Ninja400
finn868,Yamaha,Finn
msx12529,Honda,MSX125
excter155468481,Yamaha,Exciter155
nnja4006595621,Kawasaki,Ninja400
exciter1552118599,Yamaha,Exciter155
msx1252431,Honda,MSX125
finn36483,Yamaha,Finn
legend250twin1416,GPX,Legend250Twin
aerox1556834,Yamaha,Aerox155
nnja40083614,Kawasaki,Ninja400
fnn4165,Yamaha,Finn
cb150r318,Honda,CB150R
clck1259891,Honda,Click125i
cb150r594,Honda,CB150R
grandfilano48163198,Yamaha,GrandFilano
cb300r79776,Honda,CB300R
ninja25049,Kawasaki,Ninja250
nnja4008435247,Kawasaki,Ninja400
nnja400899,Kawasaki,Ninja400
msx1252832,Honda,MSX125
pcx16033998,Honda,PCX160
msx125214,Honda,MSX125
grandfilano835,Yamaha,GrandFilano
cb300r15,Honda,CB300R
drone150153,GPX,Drone150
smash115379535,Suzuki,Smash115
excter15567894,Yamaha,Exciter155
nnja40066,Kawasaki,Ninja400
clck1259896,Honda,Click125i
fnn69629,Yamaha,Finn
exciter1554499,Yamaha,Exciter155
excter155944,Yamaha,Exciter155
nnja4008684,Kawasaki,Ninja400
nnja400656378,Kawasaki,Ninja400
aerox1556883,Yamaha,Aerox155
nnja40065412592,Kawasaki,Ninja400
wave110917,Honda,Wave110i
z40079368188,Kawasaki,Z400
excter15567868,Yamaha,Exciter155
nnja4004519527,Kawasaki,Ninja400
legend250twin526694,GPX,Legend250Twin
clck12531882,Honda,Click125i
cb150r695,Honda,CB150R
clck125318829,Honda,Click125i
legend250twin521295,GPX,Legend250Twin
nnja4002398,Kawasaki,Ninja400
clck12539235,Honda,Click125i
nnja400455,Kawasaki,Ninja400
clck125535,Honda,Click125i
legend250twn55,GPX,Legend250Twin
z40079368187,Kawasaki,Z400
cb150r674,Honda,CB150R
excter155678628,Yamaha,Exciter155
legend250twin565,GPX,Legend250Twin
nnja4002389492,Kawasaki,Ninja400
wave110i13794,Honda,Wave110i
wave110i7472,Honda,Wave110i
pcx16037,Honda,PCX160
excter155678685,Yamaha,Exciter155
nnja40081,Kawasaki,Ninja400
wave110i139,Honda,Wave110i
ninja4005124419,Kawasaki,Ninja400
drone150169978,GPX,Drone150
raider150711,Suzuki,Raider150
finn4453,Yamaha,Finn
himalayan4003929,RoyalEnfield,Himalayan400
crf250l743,Honda,CRF250L
cb300r126,Honda,CB300R
cb150r682,Honda,CB150R
exciter155273,Yamaha,Exciter155
ninja4005124418,Kawasaki,Ninja400
nnja4006595621,Kawasaki,Ninja400
exciter155277462,Yamaha,Exciter155
nnja40048968,Kawasaki,Ninja400
excter15562298,Yamaha,Exciter155
burgman4004,Suzuki,Burgman400
cb300r718558,Honda,CB300R
legend250twin17198,GPX,Legend250Twin
himalayan40032,RoyalEnfield,Himalayan400
nnja4002388286393,Kawasaki,Ninja400
rader1506876262,Suzuki,Raider150
rader15063,Suzuki,Raider150
excter1556786281,Yamaha,Exciter155
aerox15564134,Yamaha,Aerox155
ninja4009857,Kawasaki,Ninja400
finn6,Yamaha,Finn
nnja400844,Kawasaki,Ninja400
aerox155678,Yamaha,Aerox155
himalayan40056,RoyalEnfield,Himalayan400
click125i23249,Honda,Click125i
nnja40045195217,Kawasaki,Ninja400
pcx1603398,Honda,PCX160
legend250twin1713,GPX,Legend250Twin
cb300r718576,Honda,CB300R
raider15031,Suzuki,Raider150
nnja400846,Kawasaki,Ninja400
raider15081,Suzuki,Raider150
finn864,Yamaha,Finn
smash115166,Suzuki,Smash115
cb300r71885,Honda,CB300R
smash1153779,Suzuki,Smash115
pcx16033421,Honda,PCX160
adv3506835,Honda,ADV350
excter1556243,Yamaha,Exciter155
rader1506643,Suzuki,Raider150
smash1151664,Suzuki,Smash115
meteor3507314,RoyalEnfield,Meteor350
excter155616,Yamaha,Exciter155
nnja4006563657,Kawasaki,Ninja400
adv16022467472,Honda,ADV160
finn44421,Yamaha,Finn
excter155625,Yamaha,Exciter155
forza3505452,Honda,Forza350
smash1153732464,Suzuki,Smash115
nnja40065956223,Kawasaki,Ninja400
msx1252437,Honda,MSX125
crf250l4,Honda,CRF250L
aerox1556899,Yamaha,Aerox155
clck1253969,Honda,Click125i
nnja40065432913,Kawasaki,Ninja400
excter1556286,Yamaha,Exciter155
wave110i78,Honda,Wave110i
crf300l751,Honda,CRF300L
aerox155641317,Yamaha,Aerox155
finn366,Yamaha,Finn
excter1556786859,Yamaha,Exciter155
ninja400987,Kawasaki,Ninja400
gsxr15092,Suzuki,GSXR150
himalayan4003921,RoyalEnfield,Himalayan400
nnja40046,Kawasaki,Ninja400
aerox1554447,Yamaha,Aerox155
nnja40065956216,Kawasaki,Ninja400
finn368,Yamaha,Finn
ninja250548,Kawasaki,Ninja250
msx1252681,Honda,MSX125
finn364824,Yamaha,Finn
nnja4008435219,Kawasaki,Ninja400
legend250twin5932962,GPX,Legend250Twin
ninja400519278,Kawasaki,Ninja400
grandflano7,Yamaha,GrandFilano
clck12539595,Honda,Click125i
forza35054523,Honda,Forza350
adv1603252,Honda,ADV160
cb300r111,Honda,CB300R
nnja400231,Kawasaki,Ninja400
excter1556789728,Yamaha,Exciter155
klx23031,Kawasaki,KLX230
drone15016116,GPX,Drone150
z400859,Kawasaki,Z400
nnja4004551,Kawasaki,Ninja400
exciter15527774,Yamaha,Exciter155
aerox155681584,Yamaha,Aerox155
click125i28,Honda,Click125i
ninja2504363815,Kawasaki,Ninja250
ninja2505662,Kawasaki,Ninja250
legend250twin595,GPX,Legend250Twin
adv16087,Honda,ADV160
legend250twin5974,GPX,Legend250Twin
nnja400238413,Kawasaki,Ninja400
excter1554631,Yamaha,Exciter155
exciter155443,Yamaha,Exciter155
nnja4006811695,Kawasaki,Ninja400
excter15567474,Yamaha,Exciter155
nnja400656376,Kawasaki,Ninja400
ninja25056627,Kawasaki,Ninja250
z250881,Kawasaki,Z250
excter155467828,Yamaha,Exciter155
raider1502,Suzuki,Raider150
cb300r747752,Honda,CB300R
raider150267991,Suzuki,Raider150
ninja400538,Kawasaki,Ninja400
aerox15544476,Yamaha,Aerox155
grandfilano75,Yamaha,GrandFilano
nnja4006818,Kawasaki,Ninja400
nnja40086,Kawasaki,Ninja400
nnja400811,Kawasaki,Ninja400
fnn698254,Yamaha,Finn
wave11097,Honda,Wave110i
adv16022464,Honda,ADV160
ninja2504387,Kawasaki,Ninja250
aerox15544,Yamaha,Aerox155
cb300r7189,Honda,CB300R
gsxr15082,Suzuki,GSXR150
cb150r68366,Honda,CB150R
rader150682,Suzuki,Raider150
xsr15591,Yamaha,XSR155
legend250twn79583,GPX,Legend250Twin
gsxr150824,Suzuki,GSXR150
finn62,Yamaha,Finn
nnja4004517,Kawasaki,Ninja400
demongr200r972,GPX,DemonGR200R
nnja400654329132,Kawasaki,Ninja400
cb300r797767,Honda,CB300R
finn3648244,Yamaha,Finn
smash115985,Suzuki,Smash115
ninja4009872,Kawasaki,Ninja400
r15921812,Yamaha,R15
legend250twn3,GPX,Legend250Twin
fnn67185,Yamaha,Finn
nnja40065412591,Kawasaki,Ninja400
clck12554,Honda,Click125i
aerox155413137,Yamaha,Aerox155
exciter15543,Yamaha,Exciter155
excter155674,Yamaha,Exciter155
grandfilano7,Yamaha,GrandFilano
nnja40023888,Kawasaki,Ninja400
nmax155339,Yamaha,Nmax155
grandfilano48163484,Yamaha,GrandFilano
r159225,Yamaha,R15
adv3506773,Honda,ADV350
ninja25098,Kawasaki,Ninja250
wave110i7878,Honda,Wave110i
fnn4165,Yamaha,Finn
nnja40045575,Kawasaki,Ninja400
z400791,Kawasaki,Z400
nnja400654125925,Kawasaki,Ninja400
ninja40096,Kawasaki,Ninja400
legend250twin52672,GPX,Legend250Twin
ninja40055,Kawasaki,Ninja400
msx125224,Honda,MSX125
smash11531711,Suzuki,Smash115
legend250twin52444,GPX,Legend250Twin
aerox155463,Yamaha,Aerox155
exciter155642,Yamaha,Exciter155
legend250twin196,GPX,Legend250Twin
pcx16033545,Honda,PCX160
crf250l749,Honda,CRF250L
gsxr15048,Suzuki,GSXR150
rader15066455,Suzuki,Raider150
clck1253917196,Honda,Click125i
excter1556254,Yamaha,Exciter155
cb150r6953,Honda,CB150R
crf300l7518,Honda,CRF300L
rader150687656,Suzuki,Raider150
cb300r7477524,Honda,CB300R
nnja400238499,Kawasaki,Ninja400
pcx160849833,Honda,PCX160
ninja25042,Kawasaki,Ninja250
nnja4004519224,Kawasaki,Ninja400
raider15026294,Suzuki,Raider150
drone15018563,GPX,Drone150
grandflano79,Yamaha,GrandFilano
mt15239,Yamaha,MT15
exciter155214,Yamaha,Exciter155
clck125339,Honda,Click125i
exciter15521149,Yamaha,Exciter155
himalayan40071,RoyalEnfield,Himalayan400
wave110975,Honda,Wave110i
nnja40045566,Kawasaki,Ninja400
excter15546733,Yamaha,Exciter155
adv16032525,Honda,ADV160
grandfilano88,Yamaha,GrandFilano
demongr200r7884,GPX,DemonGR200R
raider15026239,Suzuki,Raider150
click125i2298,Honda,Click125i
rader1506876734,Suzuki,Raider150
wave1104787,Honda,Wave110i
nnja40065956213,Kawasaki,Ninja400
clck125395958,Honda,Click125i
msx125287,Honda,MSX125
ninja40051244188,Kawasaki,Ninja400
meteor350969,RoyalEnfield,Meteor350
himalayan400338,RoyalEnfield,Himalayan400
click125i287,Honda,Click125i
z250824,Kawasaki,Z250
ninja25056621,Kawasaki,Ninja250
ninja40098528,Kawasaki,Ninja400
smash11593432,Suzuki,Smash115
wave1259351,Honda,Wave125i
nnja4006595654,Kawasaki,Ninja400
z4007936342,Kawasaki,Z400
raider150267967,Suzuki,Raider150
smash1153784138,Suzuki,Smash115
adv1602246743,Honda,ADV160
smash11537848,Suzuki,Smash115
smash115184636,Suzuki,Smash115
wave110i7857,Honda,Wave110i
cb300r74,Honda,CB300R
rader15068765767199,Suzuki,Raider150
rader15068765767194,Suzuki,Raider150
cb150r597,Honda,CB150R
smash115188,Suzuki,Smash115
himalayan400599,RoyalEnfield,Himalayan400
exciter155432,Yamaha,Exciter155
nnja40014944,Kawasaki,Ninja400
wave1258,Honda,Wave125i
raider150316,Suzuki,Raider150
legend250twin52643,GPX,Legend250Twin
grandfilano48163497,Yamaha,GrandFilano
excter15567868593,Yamaha,Exciter155
clck12539288,Honda,Click125i
finn62,Yamaha,Finn
nnja40048924,Kawasaki,Ninja400
smash1153732925,Suzuki,Smash115
excter1556344,Yamaha,Exciter155
fnn69626,Yamaha,Finn
finn44538,Yamaha,Finn
smash1151846,Suzuki,Smash115
msx12524379,Honda,MSX125
finn444,Yamaha,Finn
excter155674748,Yamaha,Exciter155
forza35041,Honda,Forza350
legend250twin59741,GPX,Legend250Twin
cb150r691,Honda,CB150R
mt1582,Yamaha,MT15
wave110i788,Honda,Wave110i
excter155467824429,Yamaha,Exciter155
exciter15521185998,Yamaha,Exciter155
legend250twin194,GPX,Legend250Twin
z250821,Kawasaki,Z250
ninja400519,Kawasaki,Ninja400
demongr200r98,GPX,DemonGR200R
grandfilano81961,Yamaha,GrandFilano
rader15096316,Suzuki,Raider150
fnn6766,Yamaha,Finn
adv1603258,Honda,ADV160
wave125i5732764,Honda,Wave125i
cb300r7442,Honda,CB300R
clck125316,Honda,Click125i
wave110i137,Honda,Wave110i
smash1153157,Suzuki,Smash115
drone150169,GPX,Drone150
ninja250436387,Kawasaki,Ninja250
nnja40063,Kawasaki,Ninja400
exciter155277468,Yamaha,Exciter155
mt158875,Yamaha,MT15
excter1554678244296,Yamaha,Exciter155
pcx160849831,Honda,PCX160
gsxr1508245,Suzuki,GSXR150
smash11537329254,Suzuki,Smash115
wave125i57329946,Honda,Wave125i
legend250twin5932,GPX,Legend250Twin
adv16037,Honda,ADV160
nnja40023,Kawasaki,Ninja400
cb150r68369,Honda,CB150R
rader150687687,Suzuki,Raider150
nnja400866,Kawasaki,Ninja400
finn977,Yamaha,Finn
smash115187,Suzuki,Smash115
exciter155211492,Yamaha,Exciter155
click125i232483,Honda,Click125i
raider15026652,Suzuki,Raider150
nnja400674,Kawasaki,Ninja400
cb300r74777,Honda,CB300R
wave12598619,Honda,Wave125i
nnja400658875,Kawasaki,Ninja400
z2501,Kawasaki,Z250
rader15068719,Suzuki,Raider150
adv35067738,Honda,ADV350
drone150185635,GPX,Drone150
aerox155641349,Yamaha,Aerox155
legend250twin53299,GPX,Legend250Twin
excter1556744,Yamaha,Exciter155
grandfilano481635,Yamaha,GrandFilano
classic35087,RoyalEnfield,Classic350
cb150r311,Honda,CB150R
msx1252844,Honda,MSX125
smash11537413,Suzuki,Smash115
adv16032534,Honda,ADV160
nnja400893133,Kawasaki,Ninja400
finn44457,Yamaha,Finn
click125i2846,Honda,Click125i
drone1501857,GPX,Drone150
grandfilano48163482,Yamaha,GrandFilano
nnja40063,Kawasaki,Ninja400
ninja25043879,Kawasaki,Ninja250
legend250twin526692,GPX,Legend250Twin
nnja40083613,Kawasaki,Ninja400
ninja4005124414,Kawasaki,Ninja400
drone150566,GPX,Drone150
exciter15527779,Yamaha,Exciter155
raider15026796,Suzuki,Raider150
smash115374169,Suzuki,Smash115
wave125i57335,Honda,Wave125i
excter15567862815,Yamaha,Exciter155
ninja4005198,Kawasaki,Ninja400
ninja40098729,Kawasaki,Ninja400
finn445381,Yamaha,Finn
