alias,brand,model_slug,reason
101scout20252026,Indian,indian-101-scout-20252026,numeric-tail; likely generated from 101scout
390duke20252026,KTM,ktm-390-duke-20252026,numeric-tail; likely generated from 390duke
adv16022,Honda,honda-adv160,numeric-tail; likely generated from adv
adv160222,Honda,honda-adv160,numeric-tail; likely generated from adv
adv160224,Honda,honda-adv160,numeric-tail; likely generated from adv
adv1602246,Honda,honda-adv160,numeric-tail; likely generated from adv
adv16022464,Honda,honda-adv160,numeric-tail; likely generated from adv
adv16022467,Honda,honda-adv160,numeric-tail; likely generated from adv
adv160224674,Honda,honda-adv160,numeric-tail; likely generated from adv
adv1602246743,Honda,honda-adv160,numeric-tail; likely generated from adv
adv1602246747,Honda,honda-adv160,numeric-tail; likely generated from adv
adv16022467472,Honda,honda-adv160,numeric-tail; likely generated from adv
adv16032,Honda,honda-adv160,numeric-tail; likely generated from adv
adv160321,Honda,honda-adv160,numeric-tail; likely generated from adv
adv160325,Honda,honda-adv160,numeric-tail; likely generated from adv
adv1603252,Honda,honda-adv160,numeric-tail; likely generated from adv
adv16032525,Honda,honda-adv160,numeric-tail; likely generated from adv
adv1603253,Honda,honda-adv160,numeric-tail; likely generated from adv
adv16032534,Honda,honda-adv160,numeric-tail; likely generated from adv
adv1603258,Honda,honda-adv160,numeric-tail; likely generated from adv
adv1603259,Honda,honda-adv160,numeric-tail; likely generated from adv
adv16032593,Honda,honda-adv160,numeric-tail; likely generated from adv
adv160328,Honda,honda-adv160,numeric-tail; likely generated from adv
adv16037,Honda,honda-adv160,numeric-tail; likely generated from adv
adv16087,Honda,honda-adv160,numeric-tail; likely generated from adv
adv16091,Honda,honda-adv160,numeric-tail; likely generated from adv
adv35067,Honda,honda-adv350,numeric-tail; likely generated from adv
adv350677,Honda,honda-adv350,numeric-tail; likely generated from adv
adv3506773,Honda,honda-adv350,numeric-tail; likely generated from adv
adv35067738,Honda,honda-adv350,numeric-tail; likely generated from adv
adv350678,Honda,honda-adv350,numeric-tail; likely generated from adv
adv3506787,Honda,honda-adv350,numeric-tail; likely generated from adv
adv35068,Honda,honda-adv350,numeric-tail; likely generated from adv
adv350683,Honda,honda-adv350,numeric-tail; likely generated from adv
adv3506833,Honda,honda-adv350,numeric-tail; likely generated from adv
adv3506835,Honda,honda-adv350,numeric-tail; likely generated from adv
aerox15541,Yamaha,yamaha-aerox,numeric-tail; likely generated from aerox
aerox155413,Yamaha,yamaha-aerox,numeric-tail; likely generated from aerox
aerox1554131,Yamaha,yamaha-aerox,numeric-tail; likely generated from aerox
aerox15541313,Yamaha,yamaha-aerox,numeric-tail; likely generated from aerox
aerox155413137,Yamaha,yamaha-aerox,numeric-tail; likely generated from aerox
aerox1554134,Yamaha,yamaha-aerox,numeric-tail; likely generated from aerox
aerox155414,Yamaha,yamaha-aerox,numeric-tail; likely generated from aerox
aerox155416,Yamaha,yamaha-aerox,numeric-tail; likely generated from aerox
aerox15544,Yamaha,yamaha-aerox,numeric-tail; likely generated from aerox
aerox155444,Yamaha,yamaha-aerox,numeric-tail; likely generated from aerox
aerox1554447,Yamaha,yamaha-aerox,numeric-tail; likely generated from aerox
aerox15544476,Yamaha,yamaha-aerox,numeric-tail; likely generated from aerox
aerox155449,Yamaha,yamaha-aerox,numeric-tail; likely generated from aerox
aerox1554496,Yamaha,yamaha-aerox,numeric-tail; likely generated from aerox
aerox1554498,Yamaha,yamaha-aerox,numeric-tail; likely generated from aerox
aerox15544986,Yamaha,yamaha-aerox,numeric-tail; likely generated from aerox
aerox15545,Yamaha,yamaha-aerox,numeric-tail; likely generated from aerox
aerox155457,Yamaha,yamaha-aerox,numeric-tail; likely generated from aerox
aerox15546,Yamaha,yamaha-aerox,numeric-tail; likely generated from aerox
aerox155463,Yamaha,yamaha-aerox,numeric-tail; likely generated from aerox
aerox15547,Yamaha,yamaha-aerox,numeric-tail; likely generated from aerox
aerox15548,Yamaha,yamaha-aerox,numeric-tail; likely generated from aerox
aerox155483,Yamaha,yamaha-aerox,numeric-tail; likely generated from aerox
aerox15564,Yamaha,yamaha-aerox,numeric-tail; likely generated from aerox
aerox155641,Yamaha,yamaha-aerox,numeric-tail; likely generated from aerox
aerox1556413,Yamaha,yamaha-aerox,numeric-tail; likely generated from aerox
aerox15564131,Yamaha,yamaha-aerox,numeric-tail; likely generated from aerox
aerox155641311,Yamaha,yamaha-aerox,numeric-tail; likely generated from aerox
aerox155641314,Yamaha,yamaha-aerox,numeric-tail; likely generated from aerox
aerox155641316,Yamaha,yamaha-aerox,numeric-tail; likely generated from aerox
aerox1556413162,Yamaha,yamaha-aerox,numeric-tail; likely generated from aerox
aerox1556413169,Yamaha,yamaha-aerox,numeric-tail; likely generated from aerox
aerox155641317,Yamaha,yamaha-aerox,numeric-tail; likely generated from aerox
aerox15564134,Yamaha,yamaha-aerox,numeric-tail; likely generated from aerox
aerox155641349,Yamaha,yamaha-aerox,numeric-tail; likely generated from aerox
aerox15564139,Yamaha,yamaha-aerox,numeric-tail; likely generated from aerox
aerox1556416,Yamaha,yamaha-aerox,numeric-tail; likely generated from aerox
aerox155642,Yamaha,yamaha-aerox,numeric-tail; likely generated from aerox
aerox1556424,Yamaha,yamaha-aerox,numeric-tail; likely generated from aerox
aerox1556426,Yamaha,yamaha-aerox,numeric-tail; likely generated from aerox
aerox155643,Yamaha,yamaha-aerox,numeric-tail; likely generated from aerox
aerox1556432,Yamaha,yamaha-aerox,numeric-tail; likely generated from aerox
aerox1556435,Yamaha,yamaha-aerox,numeric-tail; likely generated from aerox
aerox15565,Yamaha,yamaha-aerox,numeric-tail; likely generated from aerox
aerox15567,Yamaha,yamaha-aerox,numeric-tail; likely generated from aerox
aerox155678,Yamaha,yamaha-aerox,numeric-tail; likely generated from aerox
aerox15568,Yamaha,yamaha-aerox,numeric-tail; likely generated from aerox
aerox155681,Yamaha,yamaha-aerox,numeric-tail; likely generated from aerox
aerox1556815,Yamaha,yamaha-aerox,numeric-tail; likely generated from aerox
aerox15568158,Yamaha,yamaha-aerox,numeric-tail; likely generated from aerox
aerox155681584,Yamaha,yamaha-aerox,numeric-tail; likely generated from aerox
aerox1556818,Yamaha,yamaha-aerox,numeric-tail; likely generated from aerox
aerox155683,Yamaha,yamaha-aerox,numeric-tail; likely generated from aerox
aerox1556834,Yamaha,yamaha-aerox,numeric-tail; likely generated from aerox
aerox155688,Yamaha,yamaha-aerox,numeric-tail; likely generated from aerox
aerox1556883,Yamaha,yamaha-aerox,numeric-tail; likely generated from aerox
aerox1556884,Yamaha,yamaha-aerox,numeric-tail; likely generated from aerox
aerox155689,Yamaha,yamaha-aerox,numeric-tail; likely generated from aerox
aerox1556895,Yamaha,yamaha-aerox,numeric-tail; likely generated from aerox
aerox1556899,Yamaha,yamaha-aerox,numeric-tail; likely generated from aerox
burgman40088,Suzuki,suzuki-burgman-400,numeric-tail; likely generated from burgman
c400gt20252026,BMW,bmw-c-400-gt-20252026,numeric-tail; likely generated from c400gt
c400x20252026,BMW,bmw-c-400-x-20252026,numeric-tail; likely generated from c400x
ce,BMW,bmw-ce-02-20252026,numeric-tail; likely generated from ce
ce0220252026,BMW,bmw-ce-02-20252026,numeric-tail; likely generated from ce
cgt,BMW,bmw-c-400-gt-20252026,numeric-tail; likely generated from cgt
classc35046,Royal Enfield,royal-enfield-classic-350,numeric-tail; likely generated from classc
classic35084,Royal Enfield,royal-enfield-classic-350,numeric-tail; likely generated from classic
classic35085,Royal Enfield,royal-enfield-classic-350,numeric-tail; likely generated from classic
classic35087,Royal Enfield,royal-enfield-classic-350,numeric-tail; likely generated from classic
clck12531,Honda,honda-click-125,numeric-tail; likely generated from clck
clck125314,Honda,honda-click-125,numeric-tail; likely generated from clck
clck125316,Honda,honda-click-125,numeric-tail; likely generated from clck
clck125317,Honda,honda-click-125,numeric-tail; likely generated from clck
clck1253173,Honda,honda-click-125,numeric-tail; likely generated from clck
clck125318,Honda,honda-click-125,numeric-tail; likely generated from clck
clck1253188,Honda,honda-click-125,numeric-tail; likely generated from clck
clck12531882,Honda,honda-click-125,numeric-tail; likely generated from clck
clck125318829,Honda,honda-click-125,numeric-tail; likely generated from clck
clck12533,Honda,honda-click-125,numeric-tail; likely generated from clck
clck125332,Honda,honda-click-125,numeric-tail; likely generated from clck
clck125339,Honda,honda-click-125,numeric-tail; likely generated from clck
clck1253394,Honda,honda-click-125,numeric-tail; likely generated from clck
clck12534,Honda,honda-click-125,numeric-tail; likely generated from clck
clck12538,Honda,honda-click-125,numeric-tail; likely generated from clck
clck12539,Honda,honda-click-125,numeric-tail; likely generated from clck
clck125391,Honda,honda-click-125,numeric-tail; likely generated from clck
clck1253917,Honda,honda-click-125,numeric-tail; likely generated from clck
clck12539171,Honda,honda-click-125,numeric-tail; likely generated from clck
clck125391719,Honda,honda-click-125,numeric-tail; likely generated from clck
clck1253917196,Honda,honda-click-125,numeric-tail; likely generated from clck
clck12539174,Honda,honda-click-125,numeric-tail; likely generated from clck
clck125392,Honda,honda-click-125,numeric-tail; likely generated from clck
clck1253923,Honda,honda-click-125,numeric-tail; likely generated from clck
clck12539235,Honda,honda-click-125,numeric-tail; likely generated from clck
clck1253924,Honda,honda-click-125,numeric-tail; likely generated from clck
clck1253928,Honda,honda-click-125,numeric-tail; likely generated from clck
clck12539282,Honda,honda-click-125,numeric-tail; likely generated from clck
clck12539288,Honda,honda-click-125,numeric-tail; likely generated from clck
clck125393,Honda,honda-click-125,numeric-tail; likely generated from clck
clck1253932,Honda,honda-click-125,numeric-tail; likely generated from clck
clck12539321,Honda,honda-click-125,numeric-tail; likely generated from clck
clck125394,Honda,honda-click-125,numeric-tail; likely generated from clck
clck125395,Honda,honda-click-125,numeric-tail; likely generated from clck
clck1253951,Honda,honda-click-125,numeric-tail; likely generated from clck
clck1253959,Honda,honda-click-125,numeric-tail; likely generated from clck
clck12539595,Honda,honda-click-125,numeric-tail; likely generated from clck
clck125395958,Honda,honda-click-125,numeric-tail; likely generated from clck
clck125396,Honda,honda-click-125,numeric-tail; likely generated from clck
clck1253969,Honda,honda-click-125,numeric-tail; likely generated from clck
clck125399,Honda,honda-click-125,numeric-tail; likely generated from clck
clck1253994,Honda,honda-click-125,numeric-tail; likely generated from clck
clck12539943,Honda,honda-click-125,numeric-tail; likely generated from clck
clck1253997,Honda,honda-click-125,numeric-tail; likely generated from clck
clck1253999,Honda,honda-click-125,numeric-tail; likely generated from clck
clck12539997,Honda,honda-click-125,numeric-tail; likely generated from clck
clck125399972,Honda,honda-click-125,numeric-tail; likely generated from clck
clck12553,Honda,honda-click-125,numeric-tail; likely generated from clck
clck125535,Honda,honda-click-125,numeric-tail; likely generated from clck
clck12554,Honda,honda-click-125,numeric-tail; likely generated from clck
clck12595,Honda,honda-click-125,numeric-tail; likely generated from clck
clck12596,Honda,honda-click-125,numeric-tail; likely generated from clck
clck125964,Honda,honda-click-125,numeric-tail; likely generated from clck
clck1259649,Honda,honda-click-125,numeric-tail; likely generated from clck
clck12598,Honda,honda-click-125,numeric-tail; likely generated from clck
clck125982,Honda,honda-click-125,numeric-tail; likely generated from clck
clck125989,Honda,honda-click-125,numeric-tail; likely generated from clck
clck1259891,Honda,honda-click-125,numeric-tail; likely generated from clck
clck1259896,Honda,honda-click-125,numeric-tail; likely generated from clck
clck1259897,Honda,honda-click-125,numeric-tail; likely generated from clck
cx,BMW,bmw-c-400-x-20252026,numeric-tail; likely generated from cx
drone15012,GPX,gpx-drone-150-4v-2026,numeric-tail; likely generated from drone
drone15015,GPX,gpx-drone-150-4v-2026,numeric-tail; likely generated from drone
drone150153,GPX,gpx-drone-150-4v-2026,numeric-tail; likely generated from drone
drone150158,GPX,gpx-drone-150-4v-2026,numeric-tail; likely generated from drone
drone15016,GPX,gpx-drone-150-4v-2026,numeric-tail; likely generated from drone
drone150161,GPX,gpx-drone-150-4v-2026,numeric-tail; likely generated from drone
drone1501611,GPX,gpx-drone-150-4v-2026,numeric-tail; likely generated from drone
drone15016116,GPX,gpx-drone-150-4v-2026,numeric-tail; likely generated from drone
drone1501612,GPX,gpx-drone-150-4v-2026,numeric-tail; likely generated from drone
drone15016128,GPX,gpx-drone-150-4v-2026,numeric-tail; likely generated from drone
drone150164,GPX,gpx-drone-150-4v-2026,numeric-tail; likely generated from drone
drone150169,GPX,gpx-drone-150-4v-2026,numeric-tail; likely generated from drone
drone1501699,GPX,gpx-drone-150-4v-2026,numeric-tail; likely generated from drone
drone15016997,GPX,gpx-drone-150-4v-2026,numeric-tail; likely generated from drone
drone150169978,GPX,gpx-drone-150-4v-2026,numeric-tail; likely generated from drone
drone15017,GPX,gpx-drone-150-4v-2026,numeric-tail; likely generated from drone
drone15018,GPX,gpx-drone-150-4v-2026,numeric-tail; likely generated from drone
drone150185,GPX,gpx-drone-150-4v-2026,numeric-tail; likely generated from drone
drone1501856,GPX,gpx-drone-150-4v-2026,numeric-tail; likely generated from drone
drone15018563,GPX,gpx-drone-150-4v-2026,numeric-tail; likely generated from drone
drone150185635,GPX,gpx-drone-150-4v-2026,numeric-tail; likely generated from drone
drone1501857,GPX,gpx-drone-150-4v-2026,numeric-tail; likely generated from drone
drone15051,GPX,gpx-drone-150-4v-2026,numeric-tail; likely generated from drone
drone150515,GPX,gpx-drone-150-4v-2026,numeric-tail; likely generated from drone
drone15053,GPX,gpx-drone-150-4v-2026,numeric-tail; likely generated from drone
drone15056,GPX,gpx-drone-150-4v-2026,numeric-tail; likely generated from drone
drone150566,GPX,gpx-drone-150-4v-2026,numeric-tail; likely generated from drone
drone15058,GPX,gpx-drone-150-4v-2026,numeric-tail; likely generated from drone
drone15059,GPX,gpx-drone-150-4v-2026,numeric-tail; likely generated from drone
drone150595,GPX,gpx-drone-150-4v-2026,numeric-tail; likely generated from drone
duke,KTM,ktm-390-duke-20252026,numeric-tail; likely generated from duke
exciter15521,Yamaha,yamaha-exciter-155,numeric-tail; likely generated from exciter
exciter155211,Yamaha,yamaha-exciter-155,numeric-tail; likely generated from exciter
exciter1552113,Yamaha,yamaha-exciter-155,numeric-tail; likely generated from exciter
exciter1552114,Yamaha,yamaha-exciter-155,numeric-tail; likely generated from exciter
exciter15521149,Yamaha,yamaha-exciter-155,numeric-tail; likely generated from exciter
exciter155211492,Yamaha,yamaha-exciter-155,numeric-tail; likely generated from exciter
exciter1552118,Yamaha,yamaha-exciter-155,numeric-tail; likely generated from exciter
exciter15521185,Yamaha,yamaha-exciter-155,numeric-tail; likely generated from exciter
exciter155211859,Yamaha,yamaha-exciter-155,numeric-tail; likely generated from exciter
exciter1552118599,Yamaha,yamaha-exciter-155,numeric-tail; likely generated from exciter
exciter15521185998,Yamaha,yamaha-exciter-155,numeric-tail; likely generated from exciter
exciter155214,Yamaha,yamaha-exciter-155,numeric-tail; likely generated from exciter
exciter15527,Yamaha,yamaha-exciter-155,numeric-tail; likely generated from exciter
exciter155273,Yamaha,yamaha-exciter-155,numeric-tail; likely generated from exciter
exciter155276,Yamaha,yamaha-exciter-155,numeric-tail; likely generated from exciter
exciter155277,Yamaha,yamaha-exciter-155,numeric-tail; likely generated from exciter
exciter1552773,Yamaha,yamaha-exciter-155,numeric-tail; likely generated from exciter
exciter15527731,Yamaha,yamaha-exciter-155,numeric-tail; likely generated from exciter
exciter1552774,Yamaha,yamaha-exciter-155,numeric-tail; likely generated from exciter
exciter15527742,Yamaha,yamaha-exciter-155,numeric-tail; likely generated from exciter
exciter15527745,Yamaha,yamaha-exciter-155,numeric-tail; likely generated from exciter
exciter15527746,Yamaha,yamaha-exciter-155,numeric-tail; likely generated from exciter
exciter155277462,Yamaha,yamaha-exciter-155,numeric-tail; likely generated from exciter
exciter155277468,Yamaha,yamaha-exciter-155,numeric-tail; likely generated from exciter
exciter15527748,Yamaha,yamaha-exciter-155,numeric-tail; likely generated from exciter
exciter155277481,Yamaha,yamaha-exciter-155,numeric-tail; likely generated from exciter
exciter1552774815,Yamaha,yamaha-exciter-155,numeric-tail; likely generated from exciter
exciter15527748158,Yamaha,yamaha-exciter-155,numeric-tail; likely generated from exciter
exciter155277481589,Yamaha,yamaha-exciter-155,numeric-tail; likely generated from exciter
exciter1552777,Yamaha,yamaha-exciter-155,numeric-tail; likely generated from exciter
exciter15527773,Yamaha,yamaha-exciter-155,numeric-tail; likely generated from exciter
exciter155277731,Yamaha,yamaha-exciter-155,numeric-tail; likely generated from exciter
exciter155277734,Yamaha,yamaha-exciter-155,numeric-tail; likely generated from exciter
exciter155277738,Yamaha,yamaha-exciter-155,numeric-tail; likely generated from exciter
exciter15527774,Yamaha,yamaha-exciter-155,numeric-tail; likely generated from exciter
exciter15527779,Yamaha,yamaha-exciter-155,numeric-tail; likely generated from exciter
exciter15543,Yamaha,yamaha-exciter-155,numeric-tail; likely generated from exciter
exciter155432,Yamaha,yamaha-exciter-155,numeric-tail; likely generated from exciter
exciter15544,Yamaha,yamaha-exciter-155,numeric-tail; likely generated from exciter
exciter155443,Yamaha,yamaha-exciter-155,numeric-tail; likely generated from exciter
exciter155449,Yamaha,yamaha-exciter-155,numeric-tail; likely generated from exciter
exciter1554499,Yamaha,yamaha-exciter-155,numeric-tail; likely generated from exciter
exciter15546,Yamaha,yamaha-exciter-155,numeric-tail; likely generated from exciter
exciter155463,Yamaha,yamaha-exciter-155,numeric-tail; likely generated from exciter
exciter15564,Yamaha,yamaha-exciter-155,numeric-tail; likely generated from exciter
exciter155642,Yamaha,yamaha-exciter-155,numeric-tail; likely generated from exciter
exciter15565,Yamaha,yamaha-exciter-155,numeric-tail; likely generated from exciter
exciter155654,Yamaha,yamaha-exciter-155,numeric-tail; likely generated from exciter
exciter1556546,Yamaha,yamaha-exciter-155,numeric-tail; likely generated from exciter
exciter15568,Yamaha,yamaha-exciter-155,numeric-tail; likely generated from exciter
excter15543,Yamaha,yamaha-exciter-155,numeric-tail; likely generated from excter
excter15544,Yamaha,yamaha-exciter-155,numeric-tail; likely generated from excter
excter15546,Yamaha,yamaha-exciter-155,numeric-tail; likely generated from excter
excter155461,Yamaha,yamaha-exciter-155,numeric-tail; likely generated from excter
excter1554618,Yamaha,yamaha-exciter-155,numeric-tail; likely generated from excter
excter155463,Yamaha,yamaha-exciter-155,numeric-tail; likely generated from excter
excter1554631,Yamaha,yamaha-exciter-155,numeric-tail; likely generated from excter
excter155467,Yamaha,yamaha-exciter-155,numeric-tail; likely generated from excter
excter1554673,Yamaha,yamaha-exciter-155,numeric-tail; likely generated from excter
excter15546733,Yamaha,yamaha-exciter-155,numeric-tail; likely generated from excter
excter1554678,Yamaha,yamaha-exciter-155,numeric-tail; likely generated from excter
excter15546782,Yamaha,yamaha-exciter-155,numeric-tail; likely generated from excter
excter155467824,Yamaha,yamaha-exciter-155,numeric-tail; likely generated from excter
excter1554678244,Yamaha,yamaha-exciter-155,numeric-tail; likely generated from excter
excter15546782442,Yamaha,yamaha-exciter-155,numeric-tail; likely generated from excter
excter155467824429,Yamaha,yamaha-exciter-155,numeric-tail; likely generated from excter
excter1554678244296,Yamaha,yamaha-exciter-155,numeric-tail; likely generated from excter
excter155467825,Yamaha,yamaha-exciter-155,numeric-tail; likely generated from excter
excter155467828,Yamaha,yamaha-exciter-155,numeric-tail; likely generated from excter
excter155467829,Yamaha,yamaha-exciter-155,numeric-tail; likely generated from excter
excter15546784,Yamaha,yamaha-exciter-155,numeric-tail; likely generated from excter
excter155468,Yamaha,yamaha-exciter-155,numeric-tail; likely generated from excter
excter1554684,Yamaha,yamaha-exciter-155,numeric-tail; likely generated from excter
excter15546846,Yamaha,yamaha-exciter-155,numeric-tail; likely generated from excter
excter155468461,Yamaha,yamaha-exciter-155,numeric-tail; likely generated from excter
excter15546847,Yamaha,yamaha-exciter-155,numeric-tail; likely generated from excter
excter155468478,Yamaha,yamaha-exciter-155,numeric-tail; likely generated from excter
excter1554684781,Yamaha,yamaha-exciter-155,numeric-tail; likely generated from excter
excter15546847814,Yamaha,yamaha-exciter-155,numeric-tail; likely generated from excter
excter1554684783,Yamaha,yamaha-exciter-155,numeric-tail; likely generated from excter
excter15546848,Yamaha,yamaha-exciter-155,numeric-tail; likely generated from excter
excter155468481,Yamaha,yamaha-exciter-155,numeric-tail; likely generated from excter
excter15547,Yamaha,yamaha-exciter-155,numeric-tail; likely generated from excter
excter15548,Yamaha,yamaha-exciter-155,numeric-tail; likely generated from excter
excter155481,Yamaha,yamaha-exciter-155,numeric-tail; likely generated from excter
excter155482,Yamaha,yamaha-exciter-155,numeric-tail; likely generated from excter
excter1554826,Yamaha,yamaha-exciter-155,numeric-tail; likely generated from excter
excter1554828,Yamaha,yamaha-exciter-155,numeric-tail; likely generated from excter
excter15548289,Yamaha,yamaha-exciter-155,numeric-tail; likely generated from excter
excter155484,Yamaha,yamaha-exciter-155,numeric-tail; likely generated from excter
excter1554844,Yamaha,yamaha-exciter-155,numeric-tail; likely generated from excter
excter15548448,Yamaha,yamaha-exciter-155,numeric-tail; likely generated from excter
excter155485,Yamaha,yamaha-exciter-155,numeric-tail; likely generated from excter
excter1554855,Yamaha,yamaha-exciter-155,numeric-tail; likely generated from excter
excter1554857,Yamaha,yamaha-exciter-155,numeric-tail; likely generated from excter
excter15548578,Yamaha,yamaha-exciter-155,numeric-tail; likely generated from excter
excter1554859,Yamaha,yamaha-exciter-155,numeric-tail; likely generated from excter
excter15548594,Yamaha,yamaha-exciter-155,numeric-tail; likely generated from excter
excter15549,Yamaha,yamaha-exciter-155,numeric-tail; likely generated from excter
excter155492,Yamaha,yamaha-exciter-155,numeric-tail; likely generated from excter
excter15561,Yamaha,yamaha-exciter-155,numeric-tail; likely generated from excter
excter155616,Yamaha,yamaha-exciter-155,numeric-tail; likely generated from excter
excter15562,Yamaha,yamaha-exciter-155,numeric-tail; likely generated from excter
excter155622,Yamaha,yamaha-exciter-155,numeric-tail; likely generated from excter
excter1556226,Yamaha,yamaha-exciter-155,numeric-tail; likely generated from excter
excter1556229,Yamaha,yamaha-exciter-155,numeric-tail; likely generated from excter
excter15562298,Yamaha,yamaha-exciter-155,numeric-tail; likely generated from excter
excter155624,Yamaha,yamaha-exciter-155,numeric-tail; likely generated from excter
excter1556243,Yamaha,yamaha-exciter-155,numeric-tail; likely generated from excter
excter1556246,Yamaha,yamaha-exciter-155,numeric-tail; likely generated from excter
excter155625,Yamaha,yamaha-exciter-155,numeric-tail; likely generated from excter
excter1556254,Yamaha,yamaha-exciter-155,numeric-tail; likely generated from excter
excter155626,Yamaha,yamaha-exciter-155,numeric-tail; likely generated from excter
excter1556264,Yamaha,yamaha-exciter-155,numeric-tail; likely generated from excter
excter15562643,Yamaha,yamaha-exciter-155,numeric-tail; likely generated from excter
excter155626432,Yamaha,yamaha-exciter-155,numeric-tail; likely generated from excter
excter155628,Yamaha,yamaha-exciter-155,numeric-tail; likely generated from excter
excter1556286,Yamaha,yamaha-exciter-155,numeric-tail; likely generated from excter
excter155629,Yamaha,yamaha-exciter-155,numeric-tail; likely generated from excter
excter15563,Yamaha,yamaha-exciter-155,numeric-tail; likely generated from excter
excter155633,Yamaha,yamaha-exciter-155,numeric-tail; likely generated from excter
excter155634,Yamaha,yamaha-exciter-155,numeric-tail; likely generated from excter
excter1556344,Yamaha,yamaha-exciter-155,numeric-tail; likely generated from excter
excter15565,Yamaha,yamaha-exciter-155,numeric-tail; likely generated from excter
excter155652,Yamaha,yamaha-exciter-155,numeric-tail; likely generated from excter
excter1556525,Yamaha,yamaha-exciter-155,numeric-tail; likely generated from excter
excter155658,Yamaha,yamaha-exciter-155,numeric-tail; likely generated from excter
excter1556581,Yamaha,yamaha-exciter-155,numeric-tail; likely generated from excter
excter1556589,Yamaha,yamaha-exciter-155,numeric-tail; likely generated from excter
excter15565897,Yamaha,yamaha-exciter-155,numeric-tail; likely generated from excter
excter15567,Yamaha,yamaha-exciter-155,numeric-tail; likely generated from excter
excter155674,Yamaha,yamaha-exciter-155,numeric-tail; likely generated from excter
excter1556744,Yamaha,yamaha-exciter-155,numeric-tail; likely generated from excter
excter1556745,Yamaha,yamaha-exciter-155,numeric-tail; likely generated from excter
excter15567451,Yamaha,yamaha-exciter-155,numeric-tail; likely generated from excter
excter15567458,Yamaha,yamaha-exciter-155,numeric-tail; likely generated from excter
excter1556747,Yamaha,yamaha-exciter-155,numeric-tail; likely generated from excter
excter15567474,Yamaha,yamaha-exciter-155,numeric-tail; likely generated from excter
excter155674748,Yamaha,yamaha-exciter-155,numeric-tail; likely generated from excter
excter155675,Yamaha,yamaha-exciter-155,numeric-tail; likely generated from excter
excter1556752,Yamaha,yamaha-exciter-155,numeric-tail; likely generated from excter
excter1556758,Yamaha,yamaha-exciter-155,numeric-tail; likely generated from excter
excter155678,Yamaha,yamaha-exciter-155,numeric-tail; likely generated from excter
excter1556783,Yamaha,yamaha-exciter-155,numeric-tail; likely generated from excter
excter1556785,Yamaha,yamaha-exciter-155,numeric-tail; likely generated from excter
excter1556786,Yamaha,yamaha-exciter-155,numeric-tail; likely generated from excter
excter15567862,Yamaha,yamaha-exciter-155,numeric-tail; likely generated from excter
excter155678628,Yamaha,yamaha-exciter-155,numeric-tail; likely generated from excter
excter1556786281,Yamaha,yamaha-exciter-155,numeric-tail; likely generated from excter
excter15567862815,Yamaha,yamaha-exciter-155,numeric-tail; likely generated from excter
excter15567868,Yamaha,yamaha-exciter-155,numeric-tail; likely generated from excter
excter155678685,Yamaha,yamaha-exciter-155,numeric-tail; likely generated from excter
excter1556786859,Yamaha,yamaha-exciter-155,numeric-tail; likely generated from excter
excter15567868593,Yamaha,yamaha-exciter-155,numeric-tail; likely generated from excter
excter1556787,Yamaha,yamaha-exciter-155,numeric-tail; likely generated from excter
excter1556788,Yamaha,yamaha-exciter-155,numeric-tail; likely generated from excter
excter15567887,Yamaha,yamaha-exciter-155,numeric-tail; likely generated from excter
excter155678874,Yamaha,yamaha-exciter-155,numeric-tail; likely generated from excter
excter155678876,Yamaha,yamaha-exciter-155,numeric-tail; likely generated from excter
excter1556789,Yamaha,yamaha-exciter-155,numeric-tail; likely generated from excter
excter15567894,Yamaha,yamaha-exciter-155,numeric-tail; likely generated from excter
excter15567897,Yamaha,yamaha-exciter-155,numeric-tail; likely generated from excter
excter155678972,Yamaha,yamaha-exciter-155,numeric-tail; likely generated from excter
excter1556789728,Yamaha,yamaha-exciter-155,numeric-tail; likely generated from excter
excter15569,Yamaha,yamaha-exciter-155,numeric-tail; likely generated from excter
excter15594,Yamaha,yamaha-exciter-155,numeric-tail; likely generated from excter
excter155944,Yamaha,yamaha-exciter-155,numeric-tail; likely generated from excter
excter15599,Yamaha,yamaha-exciter-155,numeric-tail; likely generated from excter
excter155998,Yamaha,yamaha-exciter-155,numeric-tail; likely generated from excter
f800gs20252026,BMW,bmw-f-800-gs-20252026,numeric-tail; likely generated from f800gs
fgs,BMW,bmw-f-800-gs-20252026,numeric-tail; likely generated from fgs
finn36482,Yamaha,yamaha-finn,numeric-tail; likely generated from finn
finn364824,Yamaha,yamaha-finn,numeric-tail; likely generated from finn
finn3648244,Yamaha,yamaha-finn,numeric-tail; likely generated from finn
finn36483,Yamaha,yamaha-finn,numeric-tail; likely generated from finn
finn44421,Yamaha,yamaha-finn,numeric-tail; likely generated from finn
finn44457,Yamaha,yamaha-finn,numeric-tail; likely generated from finn
finn44538,Yamaha,yamaha-finn,numeric-tail; likely generated from finn
finn445381,Yamaha,yamaha-finn,numeric-tail; likely generated from finn
fnn67185,Yamaha,yamaha-finn,numeric-tail; likely generated from fnn
fnn69626,Yamaha,yamaha-finn,numeric-tail; likely generated from fnn
fnn69629,Yamaha,yamaha-finn,numeric-tail; likely generated from fnn
fnn69825,Yamaha,yamaha-finn,numeric-tail; likely generated from fnn
fnn698254,Yamaha,yamaha-finn,numeric-tail; likely generated from fnn
forza35041,Honda,honda-forza-350,numeric-tail; likely generated from forza
forza35053,Honda,honda-forza-350,numeric-tail; likely generated from forza
forza35054,Honda,honda-forza-350,numeric-tail; likely generated from forza
forza350545,Honda,honda-forza-350,numeric-tail; likely generated from forza
forza3505452,Honda,honda-forza-350,numeric-tail; likely generated from forza
forza35054523,Honda,honda-forza-350,numeric-tail; likely generated from forza
forza3505454,Honda,honda-forza-350,numeric-tail; likely generated from forza
forza35056,Honda,honda-forza-350,numeric-tail; likely generated from forza
forza350567,Honda,honda-forza-350,numeric-tail; likely generated from forza
forza3505675,Honda,honda-forza-350,numeric-tail; likely generated from forza
forza35056751,Honda,honda-forza-350,numeric-tail; likely generated from forza
grandfilano36198,Yamaha,yamaha-grand-filano-hybrid,numeric-tail; likely generated from grandfilano
grandfilano48163,Yamaha,yamaha-grand-filano-hybrid,numeric-tail; likely generated from grandfilano
grandfilano481631,Yamaha,yamaha-grand-filano-hybrid,numeric-tail; likely generated from grandfilano
grandfilano4816312,Yamaha,yamaha-grand-filano-hybrid,numeric-tail; likely generated from grandfilano
grandfilano4816319,Yamaha,yamaha-grand-filano-hybrid,numeric-tail; likely generated from grandfilano
grandfilano48163198,Yamaha,yamaha-grand-filano-hybrid,numeric-tail; likely generated from grandfilano
grandfilano481634,Yamaha,yamaha-grand-filano-hybrid,numeric-tail; likely generated from grandfilano
grandfilano4816348,Yamaha,yamaha-grand-filano-hybrid,numeric-tail; likely generated from grandfilano
grandfilano48163482,Yamaha,yamaha-grand-filano-hybrid,numeric-tail; likely generated from grandfilano
grandfilano48163484,Yamaha,yamaha-grand-filano-hybrid,numeric-tail; likely generated from grandfilano
grandfilano4816349,Yamaha,yamaha-grand-filano-hybrid,numeric-tail; likely generated from grandfilano
grandfilano48163497,Yamaha,yamaha-grand-filano-hybrid,numeric-tail; likely generated from grandfilano
grandfilano481635,Yamaha,yamaha-grand-filano-hybrid,numeric-tail; likely generated from grandfilano
grandfilano81694,Yamaha,yamaha-grand-filano-hybrid,numeric-tail; likely generated from grandfilano
grandfilano81961,Yamaha,yamaha-grand-filano-hybrid,numeric-tail; likely generated from grandfilano
grandfilano81967,Yamaha,yamaha-grand-filano-hybrid,numeric-tail; likely generated from grandfilano
gsxr15048,Suzuki,suzuki-gsxr150,numeric-tail; likely generated from gsxr
gsxr15082,Suzuki,suzuki-gsxr150,numeric-tail; likely generated from gsxr
gsxr150824,Suzuki,suzuki-gsxr150,numeric-tail; likely generated from gsxr
gsxr1508245,Suzuki,suzuki-gsxr150,numeric-tail; likely generated from gsxr
gsxr15086,Suzuki,suzuki-gsxr150,numeric-tail; likely generated from gsxr
gsxr150863,Suzuki,suzuki-gsxr150,numeric-tail; likely generated from gsxr
gsxr15092,Suzuki,suzuki-gsxr150,numeric-tail; likely generated from gsxr
himalayan,Royal Enfield,royal-enfield-himalayan-450-20252026,numeric-tail; likely generated from himalayan
himalayan45020252026,Royal Enfield,royal-enfield-himalayan-450-20252026,numeric-tail; likely generated from himalayan
klx23031,Kawasaki,kawasaki-klx230-se,numeric-tail; likely generated from klx
klx230316,Kawasaki,kawasaki-klx230-se,numeric-tail; likely generated from klx
legend250twin17191,GPX,gpx-legend-250-twin-iii,numeric-tail; likely generated from legend250twin
legend250twin17198,GPX,gpx-legend-250-twin-iii,numeric-tail; likely generated from legend250twin
legend250twin17781,GPX,gpx-legend-250-twin-iii,numeric-tail; likely generated from legend250twin
legend250twin52129,GPX,gpx-legend-250-twin-iii,numeric-tail; likely generated from legend250twin
legend250twin521295,GPX,gpx-legend-250-twin-iii,numeric-tail; likely generated from legend250twin
legend250twin52444,GPX,gpx-legend-250-twin-iii,numeric-tail; likely generated from legend250twin
legend250twin52613,GPX,gpx-legend-250-twin-iii,numeric-tail; likely generated from legend250twin
legend250twin526134,GPX,gpx-legend-250-twin-iii,numeric-tail; likely generated from legend250twin
legend250twin52643,GPX,gpx-legend-250-twin-iii,numeric-tail; likely generated from legend250twin
legend250twin52648,GPX,gpx-legend-250-twin-iii,numeric-tail; likely generated from legend250twin
legend250twin52649,GPX,gpx-legend-250-twin-iii,numeric-tail; likely generated from legend250twin
legend250twin526492,GPX,gpx-legend-250-twin-iii,numeric-tail; likely generated from legend250twin
legend250twin52652,GPX,gpx-legend-250-twin-iii,numeric-tail; likely generated from legend250twin
legend250twin526521,GPX,gpx-legend-250-twin-iii,numeric-tail; likely generated from legend250twin
legend250twin5265213,GPX,gpx-legend-250-twin-iii,numeric-tail; likely generated from legend250twin
legend250twin526528,GPX,gpx-legend-250-twin-iii,numeric-tail; likely generated from legend250twin
legend250twin52662,GPX,gpx-legend-250-twin-iii,numeric-tail; likely generated from legend250twin
legend250twin52663,GPX,gpx-legend-250-twin-iii,numeric-tail; likely generated from legend250twin
legend250twin526638,GPX,gpx-legend-250-twin-iii,numeric-tail; likely generated from legend250twin
legend250twin526639,GPX,gpx-legend-250-twin-iii,numeric-tail; likely generated from legend250twin
legend250twin52664,GPX,gpx-legend-250-twin-iii,numeric-tail; likely generated from legend250twin
legend250twin52665,GPX,gpx-legend-250-twin-iii,numeric-tail; likely generated from legend250twin
legend250twin52669,GPX,gpx-legend-250-twin-iii,numeric-tail; likely generated from legend250twin
legend250twin526692,GPX,gpx-legend-250-twin-iii,numeric-tail; likely generated from legend250twin
legend250twin526694,GPX,gpx-legend-250-twin-iii,numeric-tail; likely generated from legend250twin
legend250twin526698,GPX,gpx-legend-250-twin-iii,numeric-tail; likely generated from legend250twin
legend250twin52672,GPX,gpx-legend-250-twin-iii,numeric-tail; likely generated from legend250twin
legend250twin52677,GPX,gpx-legend-250-twin-iii,numeric-tail; likely generated from legend250twin
legend250twin526771,GPX,gpx-legend-250-twin-iii,numeric-tail; likely generated from legend250twin
legend250twin52969,GPX,gpx-legend-250-twin-iii,numeric-tail; likely generated from legend250twin
legend250twin53294,GPX,gpx-legend-250-twin-iii,numeric-tail; likely generated from legend250twin
legend250twin53299,GPX,gpx-legend-250-twin-iii,numeric-tail; likely generated from legend250twin
legend250twin59237,GPX,gpx-legend-250-twin-iii,numeric-tail; likely generated from legend250twin
legend250twin59239,GPX,gpx-legend-250-twin-iii,numeric-tail; likely generated from legend250twin
legend250twin59324,GPX,gpx-legend-250-twin-iii,numeric-tail; likely generated from legend250twin
legend250twin59326,GPX,gpx-legend-250-twin-iii,numeric-tail; likely generated from legend250twin
legend250twin59329,GPX,gpx-legend-250-twin-iii,numeric-tail; likely generated from legend250twin
legend250twin593296,GPX,gpx-legend-250-twin-iii,numeric-tail; likely generated from legend250twin
legend250twin5932962,GPX,gpx-legend-250-twin-iii,numeric-tail; likely generated from legend250twin
legend250twin59394,GPX,gpx-legend-250-twin-iii,numeric-tail; likely generated from legend250twin
legend250twin59741,GPX,gpx-legend-250-twin-iii,numeric-tail; likely generated from legend250twin
legend250twin98955,GPX,gpx-legend-250-twin-iii,numeric-tail; likely generated from legend250twin
legend250twn72863,GPX,gpx-legend-250-twin-iii,numeric-tail; likely generated from legend250twn
legend250twn79583,GPX,gpx-legend-250-twin-iii,numeric-tail; likely generated from legend250twn
meteor35073,Royal Enfield,royal-enfield-meteor-350,numeric-tail; likely generated from meteor
meteor350731,Royal Enfield,royal-enfield-meteor-350,numeric-tail; likely generated from meteor
meteor3507312,Royal Enfield,royal-enfield-meteor-350,numeric-tail; likely generated from meteor
meteor3507314,Royal Enfield,royal-enfield-meteor-350,numeric-tail; likely generated from meteor
meteor350732,Royal Enfield,royal-enfield-meteor-350,numeric-tail; likely generated from meteor
meteor350734,Royal Enfield,royal-enfield-meteor-350,numeric-tail; likely generated from meteor
meteor35096,Royal Enfield,royal-enfield-meteor-350,numeric-tail; likely generated from meteor
meteor350966,Royal Enfield,royal-enfield-meteor-350,numeric-tail; likely generated from meteor
meteor350969,Royal Enfield,royal-enfield-meteor-350,numeric-tail; likely generated from meteor
meteor35099,Royal Enfield,royal-enfield-meteor-350,numeric-tail; likely generated from meteor
mt,Yamaha,yamaha-mt09-20242025,numeric-tail; likely generated from mt
mt0920242025,Yamaha,yamaha-mt09-20242025,numeric-tail; likely generated from mt
mt15235,Yamaha,yamaha-mt15,numeric-tail; likely generated from mt
mt15239,Yamaha,yamaha-mt15,numeric-tail; likely generated from mt
mt15887,Yamaha,yamaha-mt15,numeric-tail; likely generated from mt
mt158874,Yamaha,yamaha-mt15,numeric-tail; likely generated from mt
mt158875,Yamaha,yamaha-mt15,numeric-tail; likely generated from mt
multistradav4rs20252026,Ducati,ducati-multistrada-v4-rs-20252026,numeric-tail; likely generated from multistradav4rs
multistradavrs,Ducati,ducati-multistrada-v4-rs-20252026,numeric-tail; likely generated from multistradavrs
ninja25042,Kawasaki,kawasaki-ninja-250,numeric-tail; likely generated from ninja
ninja25043,Kawasaki,kawasaki-ninja-250,numeric-tail; likely generated from ninja
ninja250436,Kawasaki,kawasaki-ninja-250,numeric-tail; likely generated from ninja
ninja2504362,Kawasaki,kawasaki-ninja-250,numeric-tail; likely generated from ninja
ninja2504363,Kawasaki,kawasaki-ninja-250,numeric-tail; likely generated from ninja
ninja25043636,Kawasaki,kawasaki-ninja-250,numeric-tail; likely generated from ninja
ninja25043638,Kawasaki,kawasaki-ninja-250,numeric-tail; likely generated from ninja
ninja250436381,Kawasaki,kawasaki-ninja-250,numeric-tail; likely generated from ninja
ninja2504363815,Kawasaki,kawasaki-ninja-250,numeric-tail; likely generated from ninja
ninja250436387,Kawasaki,kawasaki-ninja-250,numeric-tail; likely generated from ninja
ninja250438,Kawasaki,kawasaki-ninja-250,numeric-tail; likely generated from ninja
ninja2504387,Kawasaki,kawasaki-ninja-250,numeric-tail; likely generated from ninja
ninja25043879,Kawasaki,kawasaki-ninja-250,numeric-tail; likely generated from ninja
ninja2504389,Kawasaki,kawasaki-ninja-250,numeric-tail; likely generated from ninja
ninja25049,Kawasaki,kawasaki-ninja-250,numeric-tail; likely generated from ninja
ninja25054,Kawasaki,kawasaki-ninja-250,numeric-tail; likely generated from ninja
ninja250542,Kawasaki,kawasaki-ninja-250,numeric-tail; likely generated from ninja
ninja250548,Kawasaki,kawasaki-ninja-250,numeric-tail; likely generated from ninja
ninja25056,Kawasaki,kawasaki-ninja-250,numeric-tail; likely generated from ninja
ninja250566,Kawasaki,kawasaki-ninja-250,numeric-tail; likely generated from ninja
ninja2505662,Kawasaki,kawasaki-ninja-250,numeric-tail; likely generated from ninja
ninja25056621,Kawasaki,kawasaki-ninja-250,numeric-tail; likely generated from ninja
ninja25056627,Kawasaki,kawasaki-ninja-250,numeric-tail; likely generated from ninja
ninja25057,Kawasaki,kawasaki-ninja-250,numeric-tail; likely generated from ninja
ninja25082,Kawasaki,kawasaki-ninja-250,numeric-tail; likely generated from ninja
ninja25083,Kawasaki,kawasaki-ninja-250,numeric-tail; likely generated from ninja
ninja25098,Kawasaki,kawasaki-ninja-250,numeric-tail; likely generated from ninja
ninja40043,Kawasaki,kawasaki-ninja-400,numeric-tail; likely generated from ninja
ninja40051,Kawasaki,kawasaki-ninja-400,numeric-tail; likely generated from ninja
ninja400512,Kawasaki,kawasaki-ninja-400,numeric-tail; likely generated from ninja
ninja4005123,Kawasaki,kawasaki-ninja-400,numeric-tail; likely generated from ninja
ninja40051232,Kawasaki,kawasaki-ninja-400,numeric-tail; likely generated from ninja
ninja400512329,Kawasaki,kawasaki-ninja-400,numeric-tail; likely generated from ninja
ninja40051234,Kawasaki,kawasaki-ninja-400,numeric-tail; likely generated from ninja
ninja40051235,Kawasaki,kawasaki-ninja-400,numeric-tail; likely generated from ninja
ninja400512352,Kawasaki,kawasaki-ninja-400,numeric-tail; likely generated from ninja
ninja400512358,Kawasaki,kawasaki-ninja-400,numeric-tail; likely generated from ninja
ninja4005124,Kawasaki,kawasaki-ninja-400,numeric-tail; likely generated from ninja
ninja40051244,Kawasaki,kawasaki-ninja-400,numeric-tail; likely generated from ninja
ninja400512441,Kawasaki,kawasaki-ninja-400,numeric-tail; likely generated from ninja
ninja4005124414,Kawasaki,kawasaki-ninja-400,numeric-tail; likely generated from ninja
ninja4005124418,Kawasaki,kawasaki-ninja-400,numeric-tail; likely generated from ninja
ninja40051244188,Kawasaki,kawasaki-ninja-400,numeric-tail; likely generated from ninja
ninja4005124419,Kawasaki,kawasaki-ninja-400,numeric-tail; likely generated from ninja
ninja4005125,Kawasaki,kawasaki-ninja-400,numeric-tail; likely generated from ninja
ninja400519,Kawasaki,kawasaki-ninja-400,numeric-tail; likely generated from ninja
ninja4005192,Kawasaki,kawasaki-ninja-400,numeric-tail; likely generated from ninja
ninja40051927,Kawasaki,kawasaki-ninja-400,numeric-tail; likely generated from ninja
ninja400519278,Kawasaki,kawasaki-ninja-400,numeric-tail; likely generated from ninja
ninja40051928,Kawasaki,kawasaki-ninja-400,numeric-tail; likely generated from ninja
ninja400519283,Kawasaki,kawasaki-ninja-400,numeric-tail; likely generated from ninja
ninja4005198,Kawasaki,kawasaki-ninja-400,numeric-tail; likely generated from ninja
ninja40052,Kawasaki,kawasaki-ninja-400,numeric-tail; likely generated from ninja
ninja400528,Kawasaki,kawasaki-ninja-400,numeric-tail; likely generated from ninja
ninja40053,Kawasaki,kawasaki-ninja-400,numeric-tail; likely generated from ninja
ninja400538,Kawasaki,kawasaki-ninja-400,numeric-tail; likely generated from ninja
ninja40055,Kawasaki,kawasaki-ninja-400,numeric-tail; likely generated from ninja
ninja40063,Kawasaki,kawasaki-ninja-400,numeric-tail; likely generated from ninja
ninja400631,Kawasaki,kawasaki-ninja-400,numeric-tail; likely generated from ninja
ninja400638,Kawasaki,kawasaki-ninja-400,numeric-tail; likely generated from ninja
ninja40066,Kawasaki,kawasaki-ninja-400,numeric-tail; likely generated from ninja
ninja40067,Kawasaki,kawasaki-ninja-400,numeric-tail; likely generated from ninja
ninja40069,Kawasaki,kawasaki-ninja-400,numeric-tail; likely generated from ninja
ninja400696,Kawasaki,kawasaki-ninja-400,numeric-tail; likely generated from ninja
ninja40096,Kawasaki,kawasaki-ninja-400,numeric-tail; likely generated from ninja
ninja40098,Kawasaki,kawasaki-ninja-400,numeric-tail; likely generated from ninja
ninja400985,Kawasaki,kawasaki-ninja-400,numeric-tail; likely generated from ninja
ninja4009852,Kawasaki,kawasaki-ninja-400,numeric-tail; likely generated from ninja
ninja40098528,Kawasaki,kawasaki-ninja-400,numeric-tail; likely generated from ninja
ninja4009857,Kawasaki,kawasaki-ninja-400,numeric-tail; likely generated from ninja
ninja400987,Kawasaki,kawasaki-ninja-400,numeric-tail; likely generated from ninja
ninja4009872,Kawasaki,kawasaki-ninja-400,numeric-tail; likely generated from ninja
ninja40098729,Kawasaki,kawasaki-ninja-400,numeric-tail; likely generated from ninja
ninja4009875,Kawasaki,kawasaki-ninja-400,numeric-tail; likely generated from ninja
ninja40098758,Kawasaki,kawasaki-ninja-400,numeric-tail; likely generated from ninja
nnja25078,Kawasaki,kawasaki-ninja-250,numeric-tail; likely generated from nnja
nnja40014,Kawasaki,kawasaki-ninja-400,numeric-tail; likely generated from nnja
nnja400143,Kawasaki,kawasaki-ninja-400,numeric-tail; likely generated from nnja
nnja4001431,Kawasaki,kawasaki-ninja-400,numeric-tail; likely generated from nnja
nnja400145,Kawasaki,kawasaki-ninja-400,numeric-tail; likely generated from nnja
nnja400149,Kawasaki,kawasaki-ninja-400,numeric-tail; likely generated from nnja
nnja4001493,Kawasaki,kawasaki-ninja-400,numeric-tail; likely generated from nnja
nnja4001494,Kawasaki,kawasaki-ninja-400,numeric-tail; likely generated from nnja
nnja40014944,Kawasaki,kawasaki-ninja-400,numeric-tail; likely generated from nnja
nnja4001499,Kawasaki,kawasaki-ninja-400,numeric-tail; likely generated from nnja
nnja40014991,Kawasaki,kawasaki-ninja-400,numeric-tail; likely generated from nnja
nnja40023,Kawasaki,kawasaki-ninja-400,numeric-tail; likely generated from nnja
nnja400231,Kawasaki,kawasaki-ninja-400,numeric-tail; likely generated from nnja
nnja400238,Kawasaki,kawasaki-ninja-400,numeric-tail; likely generated from nnja
nnja4002384,Kawasaki,kawasaki-ninja-400,numeric-tail; likely generated from nnja
nnja40023841,Kawasaki,kawasaki-ninja-400,numeric-tail; likely generated from nnja
nnja400238413,Kawasaki,kawasaki-ninja-400,numeric-tail; likely generated from nnja
nnja400238419,Kawasaki,kawasaki-ninja-400,numeric-tail; likely generated from nnja
nnja40023849,Kawasaki,kawasaki-ninja-400,numeric-tail; likely generated from nnja
nnja400238499,Kawasaki,kawasaki-ninja-400,numeric-tail; likely generated from nnja
nnja4002388,Kawasaki,kawasaki-ninja-400,numeric-tail; likely generated from nnja
nnja40023882,Kawasaki,kawasaki-ninja-400,numeric-tail; likely generated from nnja
nnja400238824,Kawasaki,kawasaki-ninja-400,numeric-tail; likely generated from nnja
nnja400238826,Kawasaki,kawasaki-ninja-400,numeric-tail; likely generated from nnja
nnja4002388267,Kawasaki,kawasaki-ninja-400,numeric-tail; likely generated from nnja
nnja40023882678,Kawasaki,kawasaki-ninja-400,numeric-tail; likely generated from nnja
nnja400238828,Kawasaki,kawasaki-ninja-400,numeric-tail; likely generated from nnja
nnja4002388285,Kawasaki,kawasaki-ninja-400,numeric-tail; likely generated from nnja
nnja4002388286,Kawasaki,kawasaki-ninja-400,numeric-tail; likely generated from nnja
nnja40023882863,Kawasaki,kawasaki-ninja-400,numeric-tail; likely generated from nnja
nnja400238828639,Kawasaki,kawasaki-ninja-400,numeric-tail; likely generated from nnja
nnja4002388286393,Kawasaki,kawasaki-ninja-400,numeric-tail; likely generated from nnja
nnja40023888,Kawasaki,kawasaki-ninja-400,numeric-tail; likely generated from nnja
nnja4002389,Kawasaki,kawasaki-ninja-400,numeric-tail; likely generated from nnja
nnja40023894,Kawasaki,kawasaki-ninja-400,numeric-tail; likely generated from nnja
nnja400238949,Kawasaki,kawasaki-ninja-400,numeric-tail; likely generated from nnja
nnja4002389492,Kawasaki,kawasaki-ninja-400,numeric-tail; likely generated from nnja
nnja40023895,Kawasaki,kawasaki-ninja-400,numeric-tail; likely generated from nnja
nnja400238952,Kawasaki,kawasaki-ninja-400,numeric-tail; likely generated from nnja
nnja40023898,Kawasaki,kawasaki-ninja-400,numeric-tail; likely generated from nnja
nnja40023899,Kawasaki,kawasaki-ninja-400,numeric-tail; likely generated from nnja
nnja400239,Kawasaki,kawasaki-ninja-400,numeric-tail; likely generated from nnja
nnja4002398,Kawasaki,kawasaki-ninja-400,numeric-tail; likely generated from nnja
nnja40041,Kawasaki,kawasaki-ninja-400,numeric-tail; likely generated from nnja
nnja40043,Kawasaki,kawasaki-ninja-400,numeric-tail; likely generated from nnja
nnja40044,Kawasaki,kawasaki-ninja-400,numeric-tail; likely generated from nnja
nnja40045,Kawasaki,kawasaki-ninja-400,numeric-tail; likely generated from nnja
nnja400451,Kawasaki,kawasaki-ninja-400,numeric-tail; likely generated from nnja
nnja4004512,Kawasaki,kawasaki-ninja-400,numeric-tail; likely generated from nnja
nnja4004517,Kawasaki,kawasaki-ninja-400,numeric-tail; likely generated from nnja
nnja4004519,Kawasaki,kawasaki-ninja-400,numeric-tail; likely generated from nnja
nnja40045192,Kawasaki,kawasaki-ninja-400,numeric-tail; likely generated from nnja
nnja400451922,Kawasaki,kawasaki-ninja-400,numeric-tail; likely generated from nnja
nnja4004519223,Kawasaki,kawasaki-ninja-400,numeric-tail; likely generated from nnja
nnja4004519224,Kawasaki,kawasaki-ninja-400,numeric-tail; likely generated from nnja
nnja400451923,Kawasaki,kawasaki-ninja-400,numeric-tail; likely generated from nnja
nnja4004519233,Kawasaki,kawasaki-ninja-400,numeric-tail; likely generated from nnja
nnja40045195,Kawasaki,kawasaki-ninja-400,numeric-tail; likely generated from nnja
nnja400451952,Kawasaki,kawasaki-ninja-400,numeric-tail; likely generated from nnja
nnja4004519521,Kawasaki,kawasaki-ninja-400,numeric-tail; likely generated from nnja
nnja40045195217,Kawasaki,kawasaki-ninja-400,numeric-tail; likely generated from nnja
nnja4004519527,Kawasaki,kawasaki-ninja-400,numeric-tail; likely generated from nnja
nnja400455,Kawasaki,kawasaki-ninja-400,numeric-tail; likely generated from nnja
nnja4004551,Kawasaki,kawasaki-ninja-400,numeric-tail; likely generated from nnja
nnja4004556,Kawasaki,kawasaki-ninja-400,numeric-tail; likely generated from nnja
nnja40045566,Kawasaki,kawasaki-ninja-400,numeric-tail; likely generated from nnja
nnja40045568,Kawasaki,kawasaki-ninja-400,numeric-tail; likely generated from nnja
nnja4004557,Kawasaki,kawasaki-ninja-400,numeric-tail; likely generated from nnja
nnja40045572,Kawasaki,kawasaki-ninja-400,numeric-tail; likely generated from nnja
nnja400455723,Kawasaki,kawasaki-ninja-400,numeric-tail; likely generated from nnja
nnja4004557237,Kawasaki,kawasaki-ninja-400,numeric-tail; likely generated from nnja
nnja40045572372,Kawasaki,kawasaki-ninja-400,numeric-tail; likely generated from nnja
nnja40045572374,Kawasaki,kawasaki-ninja-400,numeric-tail; likely generated from nnja
nnja400455723745,Kawasaki,kawasaki-ninja-400,numeric-tail; likely generated from nnja
nnja4004557237454,Kawasaki,kawasaki-ninja-400,numeric-tail; likely generated from nnja
nnja4004557237457,Kawasaki,kawasaki-ninja-400,numeric-tail; likely generated from nnja
nnja400455723746,Kawasaki,kawasaki-ninja-400,numeric-tail; likely generated from nnja
nnja400455723747,Kawasaki,kawasaki-ninja-400,numeric-tail; likely generated from nnja
nnja4004557237478,Kawasaki,kawasaki-ninja-400,numeric-tail; likely generated from nnja
nnja400455723749,Kawasaki,kawasaki-ninja-400,numeric-tail; likely generated from nnja
nnja40045572375,Kawasaki,kawasaki-ninja-400,numeric-tail; likely generated from nnja
nnja400455723756,Kawasaki,kawasaki-ninja-400,numeric-tail; likely generated from nnja
nnja400455729,Kawasaki,kawasaki-ninja-400,numeric-tail; likely generated from nnja
nnja40045575,Kawasaki,kawasaki-ninja-400,numeric-tail; likely generated from nnja
nnja40045576,Kawasaki,kawasaki-ninja-400,numeric-tail; likely generated from nnja
nnja400455762,Kawasaki,kawasaki-ninja-400,numeric-tail; likely generated from nnja
nnja40046,Kawasaki,kawasaki-ninja-400,numeric-tail; likely generated from nnja
nnja40047,Kawasaki,kawasaki-ninja-400,numeric-tail; likely generated from nnja
nnja40048,Kawasaki,kawasaki-ninja-400,numeric-tail; likely generated from nnja
nnja400489,Kawasaki,kawasaki-ninja-400,numeric-tail; likely generated from nnja
nnja4004892,Kawasaki,kawasaki-ninja-400,numeric-tail; likely generated from nnja
nnja40048924,Kawasaki,kawasaki-ninja-400,numeric-tail; likely generated from nnja
nnja4004896,Kawasaki,kawasaki-ninja-400,numeric-tail; likely generated from nnja
nnja40048968,Kawasaki,kawasaki-ninja-400,numeric-tail; likely generated from nnja
nnja40061,Kawasaki,kawasaki-ninja-400,numeric-tail; likely generated from nnja
nnja400611,Kawasaki,kawasaki-ninja-400,numeric-tail; likely generated from nnja
nnja40063,Kawasaki,kawasaki-ninja-400,numeric-tail; likely generated from nnja
nnja40065,Kawasaki,kawasaki-ninja-400,numeric-tail; likely generated from nnja
nnja400651,Kawasaki,kawasaki-ninja-400,numeric-tail; likely generated from nnja
nnja400654,Kawasaki,kawasaki-ninja-400,numeric-tail; likely generated from nnja
nnja4006541,Kawasaki,kawasaki-ninja-400,numeric-tail; likely generated from nnja
nnja40065412,Kawasaki,kawasaki-ninja-400,numeric-tail; likely generated from nnja
nnja400654125,Kawasaki,kawasaki-ninja-400,numeric-tail; likely generated from nnja
nnja4006541259,Kawasaki,kawasaki-ninja-400,numeric-tail; likely generated from nnja
nnja40065412591,Kawasaki,kawasaki-ninja-400,numeric-tail; likely generated from nnja
nnja40065412592,Kawasaki,kawasaki-ninja-400,numeric-tail; likely generated from nnja
nnja400654125925,Kawasaki,kawasaki-ninja-400,numeric-tail; likely generated from nnja
nnja40065413,Kawasaki,kawasaki-ninja-400,numeric-tail; likely generated from nnja
nnja40065417,Kawasaki,kawasaki-ninja-400,numeric-tail; likely generated from nnja
nnja4006543,Kawasaki,kawasaki-ninja-400,numeric-tail; likely generated from nnja
nnja40065432,Kawasaki,kawasaki-ninja-400,numeric-tail; likely generated from nnja
nnja400654329,Kawasaki,kawasaki-ninja-400,numeric-tail; likely generated from nnja
nnja4006543291,Kawasaki,kawasaki-ninja-400,numeric-tail; likely generated from nnja
nnja40065432913,Kawasaki,kawasaki-ninja-400,numeric-tail; likely generated from nnja
nnja400654329132,Kawasaki,kawasaki-ninja-400,numeric-tail; likely generated from nnja
nnja40065438,Kawasaki,kawasaki-ninja-400,numeric-tail; likely generated from nnja
nnja400655,Kawasaki,kawasaki-ninja-400,numeric-tail; likely generated from nnja
nnja4006556,Kawasaki,kawasaki-ninja-400,numeric-tail; likely generated from nnja
nnja40065564,Kawasaki,kawasaki-ninja-400,numeric-tail; likely generated from nnja
nnja400655642,Kawasaki,kawasaki-ninja-400,numeric-tail; likely generated from nnja
nnja400656,Kawasaki,kawasaki-ninja-400,numeric-tail; likely generated from nnja
nnja4006561,Kawasaki,kawasaki-ninja-400,numeric-tail; likely generated from nnja
nnja40065611,Kawasaki,kawasaki-ninja-400,numeric-tail; likely generated from nnja
nnja40065612,Kawasaki,kawasaki-ninja-400,numeric-tail; likely generated from nnja
nnja40065616,Kawasaki,kawasaki-ninja-400,numeric-tail; likely generated from nnja
nnja4006563,Kawasaki,kawasaki-ninja-400,numeric-tail; likely generated from nnja
nnja40065636,Kawasaki,kawasaki-ninja-400,numeric-tail; likely generated from nnja
nnja400656365,Kawasaki,kawasaki-ninja-400,numeric-tail; likely generated from nnja
nnja4006563657,Kawasaki,kawasaki-ninja-400,numeric-tail; likely generated from nnja
nnja400656367,Kawasaki,kawasaki-ninja-400,numeric-tail; likely generated from nnja
nnja40065637,Kawasaki,kawasaki-ninja-400,numeric-tail; likely generated from nnja
nnja400656375,Kawasaki,kawasaki-ninja-400,numeric-tail; likely generated from nnja
nnja400656376,Kawasaki,kawasaki-ninja-400,numeric-tail; likely generated from nnja
nnja400656378,Kawasaki,kawasaki-ninja-400,numeric-tail; likely generated from nnja
nnja4006564,Kawasaki,kawasaki-ninja-400,numeric-tail; likely generated from nnja
nnja4006565,Kawasaki,kawasaki-ninja-400,numeric-tail; likely generated from nnja
nnja400658,Kawasaki,kawasaki-ninja-400,numeric-tail; likely generated from nnja
nnja4006582,Kawasaki,kawasaki-ninja-400,numeric-tail; likely generated from nnja
nnja40065826,Kawasaki,kawasaki-ninja-400,numeric-tail; likely generated from nnja
nnja400658267,Kawasaki,kawasaki-ninja-400,numeric-tail; likely generated from nnja
nnja4006587,Kawasaki,kawasaki-ninja-400,numeric-tail; likely generated from nnja
nnja4006588,Kawasaki,kawasaki-ninja-400,numeric-tail; likely generated from nnja
nnja40065881,Kawasaki,kawasaki-ninja-400,numeric-tail; likely generated from nnja
nnja400658815,Kawasaki,kawasaki-ninja-400,numeric-tail; likely generated from nnja
nnja40065885,Kawasaki,kawasaki-ninja-400,numeric-tail; likely generated from nnja
nnja400658853,Kawasaki,kawasaki-ninja-400,numeric-tail; likely generated from nnja
nnja4006588539,Kawasaki,kawasaki-ninja-400,numeric-tail; likely generated from nnja
nnja40065886,Kawasaki,kawasaki-ninja-400,numeric-tail; likely generated from nnja
nnja40065887,Kawasaki,kawasaki-ninja-400,numeric-tail; likely generated from nnja
nnja400658875,Kawasaki,kawasaki-ninja-400,numeric-tail; likely generated from nnja
nnja400659,Kawasaki,kawasaki-ninja-400,numeric-tail; likely generated from nnja
nnja4006595,Kawasaki,kawasaki-ninja-400,numeric-tail; likely generated from nnja
nnja40065956,Kawasaki,kawasaki-ninja-400,numeric-tail; likely generated from nnja
nnja400659562,Kawasaki,kawasaki-ninja-400,numeric-tail; likely generated from nnja
nnja4006595621,Kawasaki,kawasaki-ninja-400,numeric-tail; likely generated from nnja
nnja40065956213,Kawasaki,kawasaki-ninja-400,numeric-tail; likely generated from nnja
nnja40065956216,Kawasaki,kawasaki-ninja-400,numeric-tail; likely generated from nnja
nnja4006595622,Kawasaki,kawasaki-ninja-400,numeric-tail; likely generated from nnja
nnja40065956222,Kawasaki,kawasaki-ninja-400,numeric-tail; likely generated from nnja
nnja400659562223,Kawasaki,kawasaki-ninja-400,numeric-tail; likely generated from nnja
nnja40065956223,Kawasaki,kawasaki-ninja-400,numeric-tail; likely generated from nnja
nnja4006595623,Kawasaki,kawasaki-ninja-400,numeric-tail; likely generated from nnja
nnja400659565,Kawasaki,kawasaki-ninja-400,numeric-tail; likely generated from nnja
nnja4006595653,Kawasaki,kawasaki-ninja-400,numeric-tail; likely generated from nnja
nnja40065956537,Kawasaki,kawasaki-ninja-400,numeric-tail; likely generated from nnja
nnja4006595654,Kawasaki,kawasaki-ninja-400,numeric-tail; likely generated from nnja
nnja4006595657,Kawasaki,kawasaki-ninja-400,numeric-tail; likely generated from nnja
nnja40065959,Kawasaki,kawasaki-ninja-400,numeric-tail; likely generated from nnja
nnja400659594,Kawasaki,kawasaki-ninja-400,numeric-tail; likely generated from nnja
nnja4006595942,Kawasaki,kawasaki-ninja-400,numeric-tail; likely generated from nnja
nnja4006595949,Kawasaki,kawasaki-ninja-400,numeric-tail; likely generated from nnja
nnja4006597,Kawasaki,kawasaki-ninja-400,numeric-tail; likely generated from nnja
nnja40066,Kawasaki,kawasaki-ninja-400,numeric-tail; likely generated from nnja
nnja40067,Kawasaki,kawasaki-ninja-400,numeric-tail; likely generated from nnja
nnja400674,Kawasaki,kawasaki-ninja-400,numeric-tail; likely generated from nnja
nnja400675,Kawasaki,kawasaki-ninja-400,numeric-tail; likely generated from nnja
nnja40068,Kawasaki,kawasaki-ninja-400,numeric-tail; likely generated from nnja
nnja400681,Kawasaki,kawasaki-ninja-400,numeric-tail; likely generated from nnja
nnja4006811,Kawasaki,kawasaki-ninja-400,numeric-tail; likely generated from nnja
nnja40068115,Kawasaki,kawasaki-ninja-400,numeric-tail; likely generated from nnja
nnja40068116,Kawasaki,kawasaki-ninja-400,numeric-tail; likely generated from nnja
nnja400681169,Kawasaki,kawasaki-ninja-400,numeric-tail; likely generated from nnja
nnja4006811695,Kawasaki,kawasaki-ninja-400,numeric-tail; likely generated from nnja
nnja4006812,Kawasaki,kawasaki-ninja-400,numeric-tail; likely generated from nnja
nnja4006818,Kawasaki,kawasaki-ninja-400,numeric-tail; likely generated from nnja
nnja400686,Kawasaki,kawasaki-ninja-400,numeric-tail; likely generated from nnja
nnja40081,Kawasaki,kawasaki-ninja-400,numeric-tail; likely generated from nnja
nnja400811,Kawasaki,kawasaki-ninja-400,numeric-tail; likely generated from nnja
nnja40083,Kawasaki,kawasaki-ninja-400,numeric-tail; likely generated from nnja
nnja400834,Kawasaki,kawasaki-ninja-400,numeric-tail; likely generated from nnja
nnja400836,Kawasaki,kawasaki-ninja-400,numeric-tail; likely generated from nnja
nnja4008361,Kawasaki,kawasaki-ninja-400,numeric-tail; likely generated from nnja
nnja40083613,Kawasaki,kawasaki-ninja-400,numeric-tail; likely generated from nnja
nnja40083614,Kawasaki,kawasaki-ninja-400,numeric-tail; likely generated from nnja
nnja40084,Kawasaki,kawasaki-ninja-400,numeric-tail; likely generated from nnja
nnja400843,Kawasaki,kawasaki-ninja-400,numeric-tail; likely generated from nnja
nnja4008435,Kawasaki,kawasaki-ninja-400,numeric-tail; likely generated from nnja
nnja40084352,Kawasaki,kawasaki-ninja-400,numeric-tail; likely generated from nnja
nnja400843521,Kawasaki,kawasaki-ninja-400,numeric-tail; likely generated from nnja
nnja4008435212,Kawasaki,kawasaki-ninja-400,numeric-tail; likely generated from nnja
nnja40084352125,Kawasaki,kawasaki-ninja-400,numeric-tail; likely generated from nnja
nnja400843521251,Kawasaki,kawasaki-ninja-400,numeric-tail; likely generated from nnja
nnja400843521258,Kawasaki,kawasaki-ninja-400,numeric-tail; likely generated from nnja
nnja40084352126,Kawasaki,kawasaki-ninja-400,numeric-tail; likely generated from nnja
nnja4008435215,Kawasaki,kawasaki-ninja-400,numeric-tail; likely generated from nnja
nnja40084352152,Kawasaki,kawasaki-ninja-400,numeric-tail; likely generated from nnja
nnja40084352156,Kawasaki,kawasaki-ninja-400,numeric-tail; likely generated from nnja
nnja400843521568,Kawasaki,kawasaki-ninja-400,numeric-tail; likely generated from nnja
nnja4008435219,Kawasaki,kawasaki-ninja-400,numeric-tail; likely generated from nnja
nnja400843524,Kawasaki,kawasaki-ninja-400,numeric-tail; likely generated from nnja
nnja4008435246,Kawasaki,kawasaki-ninja-400,numeric-tail; likely generated from nnja
nnja40084352463,Kawasaki,kawasaki-ninja-400,numeric-tail; likely generated from nnja
nnja400843524632,Kawasaki,kawasaki-ninja-400,numeric-tail; likely generated from nnja
nnja4008435247,Kawasaki,kawasaki-ninja-400,numeric-tail; likely generated from nnja
nnja400843526,Kawasaki,kawasaki-ninja-400,numeric-tail; likely generated from nnja
nnja40084357,Kawasaki,kawasaki-ninja-400,numeric-tail; likely generated from nnja
nnja400844,Kawasaki,kawasaki-ninja-400,numeric-tail; likely generated from nnja
nnja4008444,Kawasaki,kawasaki-ninja-400,numeric-tail; likely generated from nnja
nnja400846,Kawasaki,kawasaki-ninja-400,numeric-tail; likely generated from nnja
nnja400847,Kawasaki,kawasaki-ninja-400,numeric-tail; likely generated from nnja
nnja4008474,Kawasaki,kawasaki-ninja-400,numeric-tail; likely generated from nnja
nnja40084741,Kawasaki,kawasaki-ninja-400,numeric-tail; likely generated from nnja
nnja400849,Kawasaki,kawasaki-ninja-400,numeric-tail; likely generated from nnja
nnja4008493,Kawasaki,kawasaki-ninja-400,numeric-tail; likely generated from nnja
nnja4008497,Kawasaki,kawasaki-ninja-400,numeric-tail; likely generated from nnja
nnja40085,Kawasaki,kawasaki-ninja-400,numeric-tail; likely generated from nnja
nnja400853,Kawasaki,kawasaki-ninja-400,numeric-tail; likely generated from nnja
nnja40086,Kawasaki,kawasaki-ninja-400,numeric-tail; likely generated from nnja
nnja400862,Kawasaki,kawasaki-ninja-400,numeric-tail; likely generated from nnja
nnja4008625,Kawasaki,kawasaki-ninja-400,numeric-tail; likely generated from nnja
nnja40086252,Kawasaki,kawasaki-ninja-400,numeric-tail; likely generated from nnja
nnja4008626,Kawasaki,kawasaki-ninja-400,numeric-tail; likely generated from nnja
nnja400866,Kawasaki,kawasaki-ninja-400,numeric-tail; likely generated from nnja
nnja400868,Kawasaki,kawasaki-ninja-400,numeric-tail; likely generated from nnja
nnja4008683,Kawasaki,kawasaki-ninja-400,numeric-tail; likely generated from nnja
nnja40086834,Kawasaki,kawasaki-ninja-400,numeric-tail; likely generated from nnja
nnja4008684,Kawasaki,kawasaki-ninja-400,numeric-tail; likely generated from nnja
nnja40088,Kawasaki,kawasaki-ninja-400,numeric-tail; likely generated from nnja
nnja40089,Kawasaki,kawasaki-ninja-400,numeric-tail; likely generated from nnja
nnja400893,Kawasaki,kawasaki-ninja-400,numeric-tail; likely generated from nnja
nnja4008931,Kawasaki,kawasaki-ninja-400,numeric-tail; likely generated from nnja
nnja40089313,Kawasaki,kawasaki-ninja-400,numeric-tail; likely generated from nnja
nnja400893133,Kawasaki,kawasaki-ninja-400,numeric-tail; likely generated from nnja
nnja400893134,Kawasaki,kawasaki-ninja-400,numeric-tail; likely generated from nnja
nnja4008936,Kawasaki,kawasaki-ninja-400,numeric-tail; likely generated from nnja
nnja400897,Kawasaki,kawasaki-ninja-400,numeric-tail; likely generated from nnja
nnja400899,Kawasaki,kawasaki-ninja-400,numeric-tail; likely generated from nnja
panigalev,Ducati,ducati-panigale-v4-20252026,numeric-tail; likely generated from panigalev
panigalev420252026,Ducati,ducati-panigale-v4-20252026,numeric-tail; likely generated from panigalev
pcx16033,Honda,honda-pcx160,numeric-tail; likely generated from pcx
pcx160333,Honda,honda-pcx160,numeric-tail; likely generated from pcx
pcx1603335,Honda,honda-pcx160,numeric-tail; likely generated from pcx
pcx16033354,Honda,honda-pcx160,numeric-tail; likely generated from pcx
pcx160333541,Honda,honda-pcx160,numeric-tail; likely generated from pcx
pcx160334,Honda,honda-pcx160,numeric-tail; likely generated from pcx
pcx1603342,Honda,honda-pcx160,numeric-tail; likely generated from pcx
pcx16033421,Honda,honda-pcx160,numeric-tail; likely generated from pcx
pcx1603347,Honda,honda-pcx160,numeric-tail; likely generated from pcx
pcx160335,Honda,honda-pcx160,numeric-tail; likely generated from pcx
pcx1603354,Honda,honda-pcx160,numeric-tail; likely generated from pcx
pcx16033545,Honda,honda-pcx160,numeric-tail; likely generated from pcx
pcx160339,Honda,honda-pcx160,numeric-tail; likely generated from pcx
pcx1603395,Honda,honda-pcx160,numeric-tail; likely generated from pcx
pcx1603396,Honda,honda-pcx160,numeric-tail; likely generated from pcx
pcx16033967,Honda,honda-pcx160,numeric-tail; likely generated from pcx
pcx1603398,Honda,honda-pcx160,numeric-tail; likely generated from pcx
pcx1603399,Honda,honda-pcx160,numeric-tail; likely generated from pcx
pcx16033998,Honda,honda-pcx160,numeric-tail; likely generated from pcx
pcx16037,Honda,honda-pcx160,numeric-tail; likely generated from pcx
pcx160378,Honda,honda-pcx160,numeric-tail; likely generated from pcx
pcx1603786,Honda,honda-pcx160,numeric-tail; likely generated from pcx
pcx16038,Honda,honda-pcx160,numeric-tail; likely generated from pcx
pcx160381,Honda,honda-pcx160,numeric-tail; likely generated from pcx
pcx160388,Honda,honda-pcx160,numeric-tail; likely generated from pcx
pcx1603882,Honda,honda-pcx160,numeric-tail; likely generated from pcx
pcx16039,Honda,honda-pcx160,numeric-tail; likely generated from pcx
pcx160396,Honda,honda-pcx160,numeric-tail; likely generated from pcx
pcx1603963,Honda,honda-pcx160,numeric-tail; likely generated from pcx
pcx16039634,Honda,honda-pcx160,numeric-tail; likely generated from pcx
pcx1603965,Honda,honda-pcx160,numeric-tail; likely generated from pcx
pcx16084,Honda,honda-pcx160,numeric-tail; likely generated from pcx
pcx160849,Honda,honda-pcx160,numeric-tail; likely generated from pcx
pcx1608496,Honda,honda-pcx160,numeric-tail; likely generated from pcx
pcx1608498,Honda,honda-pcx160,numeric-tail; likely generated from pcx
pcx16084983,Honda,honda-pcx160,numeric-tail; likely generated from pcx
pcx160849831,Honda,honda-pcx160,numeric-tail; likely generated from pcx
pcx160849833,Honda,honda-pcx160,numeric-tail; likely generated from pcx
pcx16084989,Honda,honda-pcx160,numeric-tail; likely generated from pcx
roadglide,Harley-Davidson,harleydavidson-road-glide-20252026,numeric-tail; likely generated from roadglide
roadglide20252026,Harley-Davidson,harleydavidson-road-glide-20252026,numeric-tail; likely generated from roadglide
rock,GPX,gpx-rock-110-20252026,numeric-tail; likely generated from rock
rock11020252026,GPX,gpx-rock-110-20252026,numeric-tail; likely generated from rock
s1000rr20252026,BMW,bmw-s-1000-rr-20252026,numeric-tail; likely generated from s1000rr
scout,Indian,indian-101-scout-20252026,numeric-tail; likely generated from scout
sportscout,Indian,indian-sport-scout-20252026,numeric-tail; likely generated from sportscout
sportscout20252026,Indian,indian-sport-scout-20252026,numeric-tail; likely generated from sportscout
srr,BMW,bmw-s-1000-rr-20252026,numeric-tail; likely generated from srr
streetglide,Harley-Davidson,harleydavidson-street-glide-20252026,numeric-tail; likely generated from streetglide
streetglide20252026,Harley-Davidson,harleydavidson-street-glide-20252026,numeric-tail; likely generated from streetglide
versys,Kawasaki,kawasaki-versys-1100-20252026,numeric-tail; likely generated from versys
versys110020252026,Kawasaki,kawasaki-versys-1100-20252026,numeric-tail; likely generated from versys
versys65078,Kawasaki,kawasaki-versys-650,numeric-tail; likely generated from versys
versys65098,Kawasaki,kawasaki-versys-650,numeric-tail; likely generated from versys
wave11042,Honda,honda-wave-110i,numeric-tail; likely generated from wave
wave11043,Honda,honda-wave-110i,numeric-tail; likely generated from wave
wave11044,Honda,honda-wave-110i,numeric-tail; likely generated from wave
wave11047,Honda,honda-wave-110i,numeric-tail; likely generated from wave
wave110478,Honda,honda-wave-110i,numeric-tail; likely generated from wave
wave1104787,Honda,honda-wave-110i,numeric-tail; likely generated from wave
wave1104788,Honda,honda-wave-110i,numeric-tail; likely generated from wave
wave11047882,Honda,honda-wave-110i,numeric-tail; likely generated from wave
wave110478825,Honda,honda-wave-110i,numeric-tail; likely generated from wave
wave1104788259,Honda,honda-wave-110i,numeric-tail; likely generated from wave
wave11065,Honda,honda-wave-110i,numeric-tail; likely generated from wave
wave110654,Honda,honda-wave-110i,numeric-tail; likely generated from wave
wave11091,Honda,honda-wave-110i,numeric-tail; likely generated from wave
wave110917,Honda,honda-wave-110i,numeric-tail; likely generated from wave
wave11092,Honda,honda-wave-110i,numeric-tail; likely generated from wave
wave11097,Honda,honda-wave-110i,numeric-tail; likely generated from wave
wave110975,Honda,honda-wave-110i,numeric-tail; likely generated from wave
wave12543,Honda,honda-wave-125i,numeric-tail; likely generated from wave
wave12549,Honda,honda-wave-125i,numeric-tail; likely generated from wave
wave12593,Honda,honda-wave-125i,numeric-tail; likely generated from wave
wave125935,Honda,honda-wave-125i,numeric-tail; likely generated from wave
wave1259351,Honda,honda-wave-125i,numeric-tail; likely generated from wave
wave1259355,Honda,honda-wave-125i,numeric-tail; likely generated from wave
wave12593556,Honda,honda-wave-125i,numeric-tail; likely generated from wave
wave12596,Honda,honda-wave-125i,numeric-tail; likely generated from wave
wave12598,Honda,honda-wave-125i,numeric-tail; likely generated from wave
wave125981,Honda,honda-wave-125i,numeric-tail; likely generated from wave
wave1259812,Honda,honda-wave-125i,numeric-tail; likely generated from wave
wave1259814,Honda,honda-wave-125i,numeric-tail; likely generated from wave
wave12598149,Honda,honda-wave-125i,numeric-tail; likely generated from wave
wave1259816,Honda,honda-wave-125i,numeric-tail; likely generated from wave
wave12598166,Honda,honda-wave-125i,numeric-tail; likely generated from wave
wave1259819,Honda,honda-wave-125i,numeric-tail; likely generated from wave
wave125982,Honda,honda-wave-125i,numeric-tail; likely generated from wave
wave125983,Honda,honda-wave-125i,numeric-tail; likely generated from wave
wave1259839,Honda,honda-wave-125i,numeric-tail; likely generated from wave
wave12598392,Honda,honda-wave-125i,numeric-tail; likely generated from wave
wave125984,Honda,honda-wave-125i,numeric-tail; likely generated from wave
wave1259843,Honda,honda-wave-125i,numeric-tail; likely generated from wave
wave1259844,Honda,honda-wave-125i,numeric-tail; likely generated from wave
wave125985,Honda,honda-wave-125i,numeric-tail; likely generated from wave
wave1259854,Honda,honda-wave-125i,numeric-tail; likely generated from wave
wave1259857,Honda,honda-wave-125i,numeric-tail; likely generated from wave
wave12598575,Honda,honda-wave-125i,numeric-tail; likely generated from wave
wave125986,Honda,honda-wave-125i,numeric-tail; likely generated from wave
wave1259861,Honda,honda-wave-125i,numeric-tail; likely generated from wave
wave12598619,Honda,honda-wave-125i,numeric-tail; likely generated from wave
wave125987,Honda,honda-wave-125i,numeric-tail; likely generated from wave
wave1259877,Honda,honda-wave-125i,numeric-tail; likely generated from wave
xmax30051,Yamaha,yamaha-xmax-300-standard,numeric-tail; likely generated from xmax
xmax300515,Yamaha,yamaha-xmax-300-standard,numeric-tail; likely generated from xmax
xmax300517,Yamaha,yamaha-xmax-300-standard,numeric-tail; likely generated from xmax
xmax300519,Yamaha,yamaha-xmax-300-standard,numeric-tail; likely generated from xmax
xmax30058,Yamaha,yamaha-xmax-300-standard,numeric-tail; likely generated from xmax
xmax300581,Yamaha,yamaha-xmax-300-standard,numeric-tail; likely generated from xmax
xmax300584,Yamaha,yamaha-xmax-300-standard,numeric-tail; likely generated from xmax
xmax3005845,Yamaha,yamaha-xmax-300-standard,numeric-tail; likely generated from xmax
xmax30059,Yamaha,yamaha-xmax-300-standard,numeric-tail; likely generated from xmax
xsr15515,Yamaha,yamaha-xsr155,numeric-tail; likely generated from xsr
xsr155154,Yamaha,yamaha-xsr155,numeric-tail; likely generated from xsr
xsr15551,Yamaha,yamaha-xsr155,numeric-tail; likely generated from xsr
xsr15591,Yamaha,yamaha-xsr155,numeric-tail; likely generated from xsr
z,Kawasaki,kawasaki-z900-20252026,numeric-tail; likely generated from z
z90020252026,Kawasaki,kawasaki-z900-20252026,numeric-tail; likely generated from z
